Workbook

Sheet Comparação salarial
A1: ANÁLISE SALARIAL — CURITIBA / PR
A2: Auxiliar Administrativo Operacional · 2026 · 40 horas semanais · Portaria SMGP nº 4/2026, Anexo B1 — parte permanente; Lei nº 16.198/2023
A3: Referência: Cenário didático: base inicial +5% (cenario). Fonte, competência e decisões: aba Fontes e premissas.
A4: Base da referência: | D4: ='Parâmetros'!B13 -> 2289.46
A5: Continuação das classes/referências: I a XV. Nenhuma classe foi descartada.
A7: ESTRUTURA DE PROMOÇÃO / PROGRESSÃO
A8: AUXILIAR ADMINISTRATIVO OPERACIONAL — 40 HORAS
A9: Classes → | B9: Nível | C9: Regra vertical | D9: I | E9: II | F9: III | G9: IV | H9: V | I9: VI | J9: VII | K9: VIII | L9: IX | M9: X | N9: XI | O9: XII | P9: XIII | Q9: XIV | R9: XV
A10: Níveis ↓ | B10: I | C10: Base | D10: Entrada | E10: ='Parâmetros'!C27/100 -> 0.028 | F10: ='Parâmetros'!C28/100 -> 0.028 | G10: ='Parâmetros'!C29/100 -> 0.028 | H10: ='Parâmetros'!C30/100 -> 0.028 | I10: ='Parâmetros'!C31/100 -> 0.028 | J10: ='Parâmetros'!C32/100 -> 0.028 | K10: ='Parâmetros'!C33/100 -> 0.028 | L10: ='Parâmetros'!C34/100 -> 0.028 | M10: ='Parâmetros'!C35/100 -> 0.028 | N10: ='Parâmetros'!C36/100 -> 0.028 | O10: ='Parâmetros'!C37/100 -> 0.028 | P10: ='Parâmetros'!C38/100 -> 0.028 | Q10: ='Parâmetros'!C39/100 -> 0.028 | R10: ='Parâmetros'!C40/100 -> 0.028
B11: II | C11: ="+"&TEXT('Parâmetros'!D20,"0.00")&IF('Parâmetros'!C20="valor_fixo"," R$ / ","% / ")&'Parâmetros'!E20 -> +15.00% / I | D11: Entrada | E11: ='Parâmetros'!C27/100 -> 0.028 | F11: ='Parâmetros'!C28/100 -> 0.028 | G11: ='Parâmetros'!C29/100 -> 0.028 | H11: ='Parâmetros'!C30/100 -> 0.028 | I11: ='Parâmetros'!C31/100 -> 0.028 | J11: ='Parâmetros'!C32/100 -> 0.028 | K11: ='Parâmetros'!C33/100 -> 0.028 | L11: ='Parâmetros'!C34/100 -> 0.028 | M11: ='Parâmetros'!C35/100 -> 0.028 | N11: ='Parâmetros'!C36/100 -> 0.028 | O11: ='Parâmetros'!C37/100 -> 0.028 | P11: ='Parâmetros'!C38/100 -> 0.028 | Q11: ='Parâmetros'!C39/100 -> 0.028 | R11: ='Parâmetros'!C40/100 -> 0.028
B12: III | C12: ="+"&TEXT('Parâmetros'!D21,"0.00")&IF('Parâmetros'!C21="valor_fixo"," R$ / ","% / ")&'Parâmetros'!E21 -> +15.00% / II | D12: Entrada | E12: ='Parâmetros'!C27/100 -> 0.028 | F12: ='Parâmetros'!C28/100 -> 0.028 | G12: ='Parâmetros'!C29/100 -> 0.028 | H12: ='Parâmetros'!C30/100 -> 0.028 | I12: ='Parâmetros'!C31/100 -> 0.028 | J12: ='Parâmetros'!C32/100 -> 0.028 | K12: ='Parâmetros'!C33/100 -> 0.028 | L12: ='Parâmetros'!C34/100 -> 0.028 | M12: ='Parâmetros'!C35/100 -> 0.028 | N12: ='Parâmetros'!C36/100 -> 0.028 | O12: ='Parâmetros'!C37/100 -> 0.028 | P12: ='Parâmetros'!C38/100 -> 0.028 | Q12: ='Parâmetros'!C39/100 -> 0.028 | R12: ='Parâmetros'!C40/100 -> 0.028
B13: IV | C13: ="+"&TEXT('Parâmetros'!D22,"0.00")&IF('Parâmetros'!C22="valor_fixo"," R$ / ","% / ")&'Parâmetros'!E22 -> +15.00% / III | D13: Entrada | E13: ='Parâmetros'!C27/100 -> 0.028 | F13: ='Parâmetros'!C28/100 -> 0.028 | G13: ='Parâmetros'!C29/100 -> 0.028 | H13: ='Parâmetros'!C30/100 -> 0.028 | I13: ='Parâmetros'!C31/100 -> 0.028 | J13: ='Parâmetros'!C32/100 -> 0.028 | K13: ='Parâmetros'!C33/100 -> 0.028 | L13: ='Parâmetros'!C34/100 -> 0.028 | M13: ='Parâmetros'!C35/100 -> 0.028 | N13: ='Parâmetros'!C36/100 -> 0.028 | O13: ='Parâmetros'!C37/100 -> 0.028 | P13: ='Parâmetros'!C38/100 -> 0.028 | Q13: ='Parâmetros'!C39/100 -> 0.028 | R13: ='Parâmetros'!C40/100 -> 0.028
A16: • TABELA DE VENCIMENTOS 2026 •
A17: AUXILIAR ADMINISTRATIVO OPERACIONAL — 40 HORAS
A18: Classes → | B18: Nível | C18: Regra vertical | D18: I | E18: II | F18: III | G18: IV | H18: V | I18: VI | J18: VII | K18: VIII | L18: IX | M18: X | N18: XI | O18: XII | P18: XIII | Q18: XIV | R18: XV
A19: Níveis ↓ | B19: I | C19: Base | D19: ='Dados originais'!D4 -> 2180.44 | E19: ='Dados originais'!E4 -> 2241.49 | F19: ='Dados originais'!F4 -> 2304.25 | G19: ='Dados originais'!G4 -> 2368.77 | H19: ='Dados originais'!H4 -> 2435.1 | I19: ='Dados originais'!I4 -> 2503.28 | J19: ='Dados originais'!J4 -> 2573.37 | K19: ='Dados originais'!K4 -> 2645.43 | ... R19: ='Dados originais'!R4 -> 3209.58
B20: II | C20: ="+"&TEXT('Parâmetros'!D20,"0.00")&IF('Parâmetros'!C20="valor_fixo"," R$ / ","% / ")&'Parâmetros'!E20 -> +15.00% / I | D20: ='Dados originais'!D5 -> 2507.51 | E20: ='Dados originais'!E5 -> 2577.72 | F20: ='Dados originais'!F5 -> 2649.89 | G20: ='Dados originais'!G5 -> 2724.09 | H20: ='Dados originais'!H5 -> 2800.36 | I20: ='Dados originais'!I5 -> 2878.77 | J20: ='Dados originais'!J5 -> 2959.38 | K20: ='Dados originais'!K5 -> 3042.24 | ... R20: ='Dados originais'!R5 -> 3691.01
B21: III | C21: ="+"&TEXT('Parâmetros'!D21,"0.00")&IF('Parâmetros'!C21="valor_fixo"," R$ / ","% / ")&'Parâmetros'!E21 -> +15.00% / II | D21: ='Dados originais'!D6 -> 2883.63 | E21: ='Dados originais'!E6 -> 2964.37 | F21: ='Dados originais'!F6 -> 3047.38 | G21: ='Dados originais'!G6 -> 3132.7 | H21: ='Dados originais'!H6 -> 3220.42 | I21: ='Dados originais'!I6 -> 3310.59 | J21: ='Dados originais'!J6 -> 3403.29 | K21: ='Dados originais'!K6 -> 3498.58 | ... R21: ='Dados originais'!R6 -> 4244.67
B22: IV | C22: ="+"&TEXT('Parâmetros'!D22,"0.00")&IF('Parâmetros'!C22="valor_fixo"," R$ / ","% / ")&'Parâmetros'!E22 -> +15.00% / III | D22: ='Dados originais'!D7 -> 3316.18 | E22: ='Dados originais'!E7 -> 3409.03 | F22: ='Dados originais'!F7 -> 3504.48 | G22: ='Dados originais'!G7 -> 3602.61 | H22: ='Dados originais'!H7 -> 3703.48 | I22: ='Dados originais'!I7 -> 3807.18 | J22: ='Dados originais'!J7 -> 3913.78 | K22: ='Dados originais'!K7 -> 4023.37 | ... R22: ='Dados originais'!R7 -> 4881.37
A25: • TABELA DE VENCIMENTOS — REFERÊNCIA Cenário didático: base inicial +5% •
A26: AUXILIAR ADMINISTRATIVO OPERACIONAL — 40 HORAS
A27: Classes → | B27: Nível | C27: Regra vertical | D27: I | E27: II | F27: III | G27: IV | H27: V | I27: VI | J27: VII | K27: VIII | L27: IX | M27: X | N27: XI | O27: XII | P27: XIII | Q27: XIV | R27: XV
A28: Níveis ↓ | B28: I | C28: Base | D28: ='Parâmetros'!B13 -> 2289.46 | E28: =IF('Parâmetros'!$B$12="truncar",ROUNDDOWN(D28*(1+'Parâmetros'!C27/100),2),ROUND(D28*(1+'Parâmetros'!C27/100),2)) -> 2353.56 | F28: =IF('Parâmetros'!$B$12="truncar",ROUNDDOWN(E28*(1+'Parâmetros'!C28/100),2),ROUND(E28*(1+'Parâmetros'!C28/100),2)) -> 2419.46 | G28: =IF('Parâmetros'!$B$12="truncar",ROUNDDOWN(F28*(1+'Parâmetros'!C29/100),2),ROUND(F28*(1+'Parâmetros'!C29/100),2)) -> 2487.2 | H28: =IF('Parâmetros'!$B$12="truncar",ROUNDDOWN(G28*(1+'Parâmetros'!C30/100),2),ROUND(G28*(1+'Parâmetros'!C30/100),2)) -> 2556.84 | I28: =IF('Parâmetros'!$B$12="truncar",ROUNDDOWN(H28*(1+'Parâmetros'!C31/100),2),ROUND(H28*(1+'Parâmetros'!C31/100),2)) -> 2628.43 | J28: =IF('Parâmetros'!$B$12="truncar",ROUNDDOWN(I28*(1+'Parâmetros'!C32/100),2),ROUND(I28*(1+'Parâmetros'!C32/100),2)) -> 2702.03 | K28: =IF('Parâmetros'!$B$12="truncar",ROUNDDOWN(J28*(1+'Parâmetros'!C33/100),2),ROUND(J28*(1+'Parâmetros'!C33/100),2)) -> 2777.69 | L28: =IF('Parâmetros'!$B$12="truncar",ROUNDDOWN(K28*(1+'Parâmetros'!C34/100),2),ROUND(K28*(1+'Parâmetros'!C34/100),2)) -> 2855.47 | M28: =IF('Parâmetros'!$B$12="truncar",ROUNDDOWN(L28*(1+'Parâmetros'!C35/100),2),ROUND(L28*(1+'Parâmetros'!C35/100),2)) -> 2935.42 | N28: =IF('Parâmetros'!$B$12="truncar",ROUNDDOWN(M28*(1+'Parâmetros'!C36/100),2),ROUND(M28*(1+'Parâmetros'!C36/100),2)) -> 3017.61 | O28: =IF('Parâmetros'!$B$12="truncar",ROUNDDOWN(N28*(1+'Parâmetros'!C37/100),2),ROUND(N28*(1+'Parâmetros'!C37/100),2)) -> 3102.1 | P28: =IF('Parâmetros'!$B$12="truncar",ROUNDDOWN(O28*(1+'Parâmetros'!C38/100),2),ROUND(O28*(1+'Parâmetros'!C38/100),2)) -> 3188.96 | Q28: =IF('Parâmetros'!$B$12="truncar",ROUNDDOWN(P28*(1+'Parâmetros'!C39/100),2),ROUND(P28*(1+'Parâmetros'!C39/100),2)) -> 3278.25 | R28: =IF('Parâmetros'!$B$12="truncar",ROUNDDOWN(Q28*(1+'Parâmetros'!C40/100),2),ROUND(Q28*(1+'Parâmetros'!C40/100),2)) -> 3370.04
B29: II | C29: ="+"&TEXT('Parâmetros'!D20,"0.00")&IF('Parâmetros'!C20="valor_fixo"," R$ / ","% / ")&'Parâmetros'!E20 -> +15.00% / I | D29: =IF('Parâmetros'!$B$12="truncar",ROUNDDOWN(IF('Parâmetros'!C20="valor_fixo",SUMIF('Parâmetros'!$A$19:$A$19,'Parâmetros'!E20,$D$28:$D$28)+'Parâmetros'!D20,SUMIF('Parâmetros'!$A$19:$A$19,'Parâmetros'!E20,$D$28:$D$28)*(1+'Parâmetros'!D20/100)),2),ROUND(IF('Parâmetros'!C20="valor_fixo",SUMIF('Parâmetros'!$A$19:$A$19,'Parâmetros'!E20,$D$28:$D$28)+'Parâmetros'!D20,SUMIF('Parâmetros'!$A$19:$A$19,'Parâmetros'!E20,$D$28:$D$28)*(1+'Parâmetros'!D20/100)),2)) -> 2632.88 | E29: =IF('Parâmetros'!$B$12="truncar",ROUNDDOWN(D29*(1+'Parâmetros'!C27/100),2),ROUND(D29*(1+'Parâmetros'!C27/100),2)) -> 2706.6 | F29: =IF('Parâmetros'!$B$12="truncar",ROUNDDOWN(E29*(1+'Parâmetros'!C28/100),2),ROUND(E29*(1+'Parâmetros'!C28/100),2)) -> 2782.38 | G29: =IF('Parâmetros'!$B$12="truncar",ROUNDDOWN(F29*(1+'Parâmetros'!C29/100),2),ROUND(F29*(1+'Parâmetros'!C29/100),2)) -> 2860.29 | H29: =IF('Parâmetros'!$B$12="truncar",ROUNDDOWN(G29*(1+'Parâmetros'!C30/100),2),ROUND(G29*(1+'Parâmetros'!C30/100),2)) -> 2940.38 | I29: =IF('Parâmetros'!$B$12="truncar",ROUNDDOWN(H29*(1+'Parâmetros'!C31/100),2),ROUND(H29*(1+'Parâmetros'!C31/100),2)) -> 3022.71 | J29: =IF('Parâmetros'!$B$12="truncar",ROUNDDOWN(I29*(1+'Parâmetros'!C32/100),2),ROUND(I29*(1+'Parâmetros'!C32/100),2)) -> 3107.35 | K29: =IF('Parâmetros'!$B$12="truncar",ROUNDDOWN(J29*(1+'Parâmetros'!C33/100),2),ROUND(J29*(1+'Parâmetros'!C33/100),2)) -> 3194.36 | L29: =IF('Parâmetros'!$B$12="truncar",ROUNDDOWN(K29*(1+'Parâmetros'!C34/100),2),ROUND(K29*(1+'Parâmetros'!C34/100),2)) -> 3283.8 | M29: =IF('Parâmetros'!$B$12="truncar",ROUNDDOWN(L29*(1+'Parâmetros'!C35/100),2),ROUND(L29*(1+'Parâmetros'!C35/100),2)) -> 3375.75 | N29: =IF('Parâmetros'!$B$12="truncar",ROUNDDOWN(M29*(1+'Parâmetros'!C36/100),2),ROUND(M29*(1+'Parâmetros'!C36/100),2)) -> 3470.27 | O29: =IF('Parâmetros'!$B$12="truncar",ROUNDDOWN(N29*(1+'Parâmetros'!C37/100),2),ROUND(N29*(1+'Parâmetros'!C37/100),2)) -> 3567.44 | P29: =IF('Parâmetros'!$B$12="truncar",ROUNDDOWN(O29*(1+'Parâmetros'!C38/100),2),ROUND(O29*(1+'Parâmetros'!C38/100),2)) -> 3667.33 | Q29: =IF('Parâmetros'!$B$12="truncar",ROUNDDOWN(P29*(1+'Parâmetros'!C39/100),2),ROUND(P29*(1+'Parâmetros'!C39/100),2)) -> 3770.02 | R29: =IF('Parâmetros'!$B$12="truncar",ROUNDDOWN(Q29*(1+'Parâmetros'!C40/100),2),ROUND(Q29*(1+'Parâmetros'!C40/100),2)) -> 3875.58
B30: III | C30: ="+"&TEXT('Parâmetros'!D21,"0.00")&IF('Parâmetros'!C21="valor_fixo"," R$ / ","% / ")&'Parâmetros'!E21 -> +15.00% / II | D30: =IF('Parâmetros'!$B$12="truncar",ROUNDDOWN(IF('Parâmetros'!C21="valor_fixo",SUMIF('Parâmetros'!$A$19:$A$20,'Parâmetros'!E21,$D$28:$D$29)+'Parâmetros'!D21,SUMIF('Parâmetros'!$A$19:$A$20,'Parâmetros'!E21,$D$28:$D$29)*(1+'Parâmetros'!D21/100)),2),ROUND(IF('Parâmetros'!C21="valor_fixo",SUMIF('Parâmetros'!$A$19:$A$20,'Parâmetros'!E21,$D$28:$D$29)+'Parâmetros'!D21,SUMIF('Parâmetros'!$A$19:$A$20,'Parâmetros'!E21,$D$28:$D$29)*(1+'Parâmetros'!D21/100)),2)) -> 3027.81 | E30: =IF('Parâmetros'!$B$12="truncar",ROUNDDOWN(D30*(1+'Parâmetros'!C27/100),2),ROUND(D30*(1+'Parâmetros'!C27/100),2)) -> 3112.59 | F30: =IF('Parâmetros'!$B$12="truncar",ROUNDDOWN(E30*(1+'Parâmetros'!C28/100),2),ROUND(E30*(1+'Parâmetros'!C28/100),2)) -> 3199.74 | G30: =IF('Parâmetros'!$B$12="truncar",ROUNDDOWN(F30*(1+'Parâmetros'!C29/100),2),ROUND(F30*(1+'Parâmetros'!C29/100),2)) -> 3289.33 | H30: =IF('Parâmetros'!$B$12="truncar",ROUNDDOWN(G30*(1+'Parâmetros'!C30/100),2),ROUND(G30*(1+'Parâmetros'!C30/100),2)) -> 3381.43 | I30: =IF('Parâmetros'!$B$12="truncar",ROUNDDOWN(H30*(1+'Parâmetros'!C31/100),2),ROUND(H30*(1+'Parâmetros'!C31/100),2)) -> 3476.11 | J30: =IF('Parâmetros'!$B$12="truncar",ROUNDDOWN(I30*(1+'Parâmetros'!C32/100),2),ROUND(I30*(1+'Parâmetros'!C32/100),2)) -> 3573.44 | K30: =IF('Parâmetros'!$B$12="truncar",ROUNDDOWN(J30*(1+'Parâmetros'!C33/100),2),ROUND(J30*(1+'Parâmetros'!C33/100),2)) -> 3673.5 | L30: =IF('Parâmetros'!$B$12="truncar",ROUNDDOWN(K30*(1+'Parâmetros'!C34/100),2),ROUND(K30*(1+'Parâmetros'!C34/100),2)) -> 3776.36 | M30: =IF('Parâmetros'!$B$12="truncar",ROUNDDOWN(L30*(1+'Parâmetros'!C35/100),2),ROUND(L30*(1+'Parâmetros'!C35/100),2)) -> 3882.1 | N30: =IF('Parâmetros'!$B$12="truncar",ROUNDDOWN(M30*(1+'Parâmetros'!C36/100),2),ROUND(M30*(1+'Parâmetros'!C36/100),2)) -> 3990.8 | O30: =IF('Parâmetros'!$B$12="truncar",ROUNDDOWN(N30*(1+'Parâmetros'!C37/100),2),ROUND(N30*(1+'Parâmetros'!C37/100),2)) -> 4102.54 | P30: =IF('Parâmetros'!$B$12="truncar",ROUNDDOWN(O30*(1+'Parâmetros'!C38/100),2),ROUND(O30*(1+'Parâmetros'!C38/100),2)) -> 4217.41 | Q30: =IF('Parâmetros'!$B$12="truncar",ROUNDDOWN(P30*(1+'Parâmetros'!C39/100),2),ROUND(P30*(1+'Parâmetros'!C39/100),2)) -> 4335.5 | R30: =IF('Parâmetros'!$B$12="truncar",ROUNDDOWN(Q30*(1+'Parâmetros'!C40/100),2),ROUND(Q30*(1+'Parâmetros'!C40/100),2)) -> 4456.89
B31: IV | C31: ="+"&TEXT('Parâmetros'!D22,"0.00")&IF('Parâmetros'!C22="valor_fixo"," R$ / ","% / ")&'Parâmetros'!E22 -> +15.00% / III | D31: =IF('Parâmetros'!$B$12="truncar",ROUNDDOWN(IF('Parâmetros'!C22="valor_fixo",SUMIF('Parâmetros'!$A$19:$A$21,'Parâmetros'!E22,$D$28:$D$30)+'Parâmetros'!D22,SUMIF('Parâmetros'!$A$19:$A$21,'Parâmetros'!E22,$D$28:$D$30)*(1+'Parâmetros'!D22/100)),2),ROUND(IF('Parâmetros'!C22="valor_fixo",SUMIF('Parâmetros'!$A$19:$A$21,'Parâmetros'!E22,$D$28:$D$30)+'Parâmetros'!D22,SUMIF('Parâmetros'!$A$19:$A$21,'Parâmetros'!E22,$D$28:$D$30)*(1+'Parâmetros'!D22/100)),2)) -> 3481.98 | E31: =IF('Parâmetros'!$B$12="truncar",ROUNDDOWN(D31*(1+'Parâmetros'!C27/100),2),ROUND(D31*(1+'Parâmetros'!C27/100),2)) -> 3579.48 | F31: =IF('Parâmetros'!$B$12="truncar",ROUNDDOWN(E31*(1+'Parâmetros'!C28/100),2),ROUND(E31*(1+'Parâmetros'!C28/100),2)) -> 3679.71 | G31: =IF('Parâmetros'!$B$12="truncar",ROUNDDOWN(F31*(1+'Parâmetros'!C29/100),2),ROUND(F31*(1+'Parâmetros'!C29/100),2)) -> 3782.74 | H31: =IF('Parâmetros'!$B$12="truncar",ROUNDDOWN(G31*(1+'Parâmetros'!C30/100),2),ROUND(G31*(1+'Parâmetros'!C30/100),2)) -> 3888.66 | I31: =IF('Parâmetros'!$B$12="truncar",ROUNDDOWN(H31*(1+'Parâmetros'!C31/100),2),ROUND(H31*(1+'Parâmetros'!C31/100),2)) -> 3997.54 | J31: =IF('Parâmetros'!$B$12="truncar",ROUNDDOWN(I31*(1+'Parâmetros'!C32/100),2),ROUND(I31*(1+'Parâmetros'!C32/100),2)) -> 4109.47 | K31: =IF('Parâmetros'!$B$12="truncar",ROUNDDOWN(J31*(1+'Parâmetros'!C33/100),2),ROUND(J31*(1+'Parâmetros'!C33/100),2)) -> 4224.54 | L31: =IF('Parâmetros'!$B$12="truncar",ROUNDDOWN(K31*(1+'Parâmetros'!C34/100),2),ROUND(K31*(1+'Parâmetros'!C34/100),2)) -> 4342.83 | M31: =IF('Parâmetros'!$B$12="truncar",ROUNDDOWN(L31*(1+'Parâmetros'!C35/100),2),ROUND(L31*(1+'Parâmetros'!C35/100),2)) -> 4464.43 | N31: =IF('Parâmetros'!$B$12="truncar",ROUNDDOWN(M31*(1+'Parâmetros'!C36/100),2),ROUND(M31*(1+'Parâmetros'!C36/100),2)) -> 4589.43 | O31: =IF('Parâmetros'!$B$12="truncar",ROUNDDOWN(N31*(1+'Parâmetros'!C37/100),2),ROUND(N31*(1+'Parâmetros'!C37/100),2)) -> 4717.93 | P31: =IF('Parâmetros'!$B$12="truncar",ROUNDDOWN(O31*(1+'Parâmetros'!C38/100),2),ROUND(O31*(1+'Parâmetros'!C38/100),2)) -> 4850.03 | Q31: =IF('Parâmetros'!$B$12="truncar",ROUNDDOWN(P31*(1+'Parâmetros'!C39/100),2),ROUND(P31*(1+'Parâmetros'!C39/100),2)) -> 4985.83 | R31: =IF('Parâmetros'!$B$12="truncar",ROUNDDOWN(Q31*(1+'Parâmetros'!C40/100),2),ROUND(Q31*(1+'Parâmetros'!C40/100),2)) -> 5125.43
A34: ="Neste bloco: "&SUMPRODUCT(--(D19:R22<D28:R31))&" vencimentos abaixo da referência de carreira; "&COUNTIF(D19:R22,"<"&$D$4)&" abaixo da base inicial (em vermelho)." -> Neste bloco: 60 vencimentos abaixo da referência de carreira; 2 abaixo da base inicial (em vermelho).
A36: NÃO CONFORMIDADES EM RELAÇÃO À REFERÊNCIA
A37: AUXILIAR ADMINISTRATIVO OPERACIONAL — 40 HORAS
A38: Classes → | B38: Nível | C38: Regra vertical | D38: I | E38: II | F38: III | G38: IV | H38: V | I38: VI | J38: VII | K38: VIII | L38: IX | M38: X | N38: XI | O38: XII | P38: XIII | Q38: XIV | R38: XV
A39: Níveis ↓ | B39: I | C39: Base | D39: ='Dados originais'!D4 -> 2180.44 | E39: ='Dados originais'!E4 -> 2241.49 | F39: ='Dados originais'!F4 -> 2304.25 | G39: ='Dados originais'!G4 -> 2368.77 | H39: ='Dados originais'!H4 -> 2435.1 | I39: ='Dados originais'!I4 -> 2503.28 | J39: ='Dados originais'!J4 -> 2573.37 | K39: ='Dados originais'!K4 -> 2645.43 | ... R39: ='Dados originais'!R4 -> 3209.58
B40: II | C40: ="+"&TEXT('Parâmetros'!D20,"0.00")&IF('Parâmetros'!C20="valor_fixo"," R$ / ","% / ")&'Parâmetros'!E20 -> +15.00% / I | D40: ='Dados originais'!D5 -> 2507.51 | E40: ='Dados originais'!E5 -> 2577.72 | F40: ='Dados originais'!F5 -> 2649.89 | G40: ='Dados originais'!G5 -> 2724.09 | H40: ='Dados originais'!H5 -> 2800.36 | I40: ='Dados originais'!I5 -> 2878.77 | J40: ='Dados originais'!J5 -> 2959.38 | K40: ='Dados originais'!K5 -> 3042.24 | ... R40: ='Dados originais'!R5 -> 3691.01
B41: III | C41: ="+"&TEXT('Parâmetros'!D21,"0.00")&IF('Parâmetros'!C21="valor_fixo"," R$ / ","% / ")&'Parâmetros'!E21 -> +15.00% / II | D41: ='Dados originais'!D6 -> 2883.63 | E41: ='Dados originais'!E6 -> 2964.37 | F41: ='Dados originais'!F6 -> 3047.38 | G41: ='Dados originais'!G6 -> 3132.7 | H41: ='Dados originais'!H6 -> 3220.42 | I41: ='Dados originais'!I6 -> 3310.59 | J41: ='Dados originais'!J6 -> 3403.29 | K41: ='Dados originais'!K6 -> 3498.58 | ... R41: ='Dados originais'!R6 -> 4244.67
B42: IV | C42: ="+"&TEXT('Parâmetros'!D22,"0.00")&IF('Parâmetros'!C22="valor_fixo"," R$ / ","% / ")&'Parâmetros'!E22 -> +15.00% / III | D42: ='Dados originais'!D7 -> 3316.18 | E42: ='Dados originais'!E7 -> 3409.03 | F42: ='Dados originais'!F7 -> 3504.48 | G42: ='Dados originais'!G7 -> 3602.61 | H42: ='Dados originais'!H7 -> 3703.48 | I42: ='Dados originais'!I7 -> 3807.18 | J42: ='Dados originais'!J7 -> 3913.78 | K42: ='Dados originais'!K7 -> 4023.37 | ... R42: ='Dados originais'!R7 -> 4881.37
A45: • DEFASAGEM SALARIAL MENSAL •
A46: AUXILIAR ADMINISTRATIVO OPERACIONAL — 40 HORAS
A47: Classes → | B47: Nível | C47: Regra vertical | D47: I | E47: II | F47: III | G47: IV | H47: V | I47: VI | J47: VII | K47: VIII | L47: IX | M47: X | N47: XI | O47: XII | P47: XIII | Q47: XIV | R47: XV
A48: Níveis ↓ | B48: I | C48: Base | D48: =D19-D28 -> -109.02 | E48: =E19-E28 -> -112.07 | F48: =F19-F28 -> -115.21 | G48: =G19-G28 -> -118.43 | H48: =H19-H28 -> -121.74 | I48: =I19-I28 -> -125.15 | J48: =J19-J28 -> -128.66 | K48: =K19-K28 -> -132.26 | ... R48: =R19-R28 -> -160.46
B49: II | C49: ="+"&TEXT('Parâmetros'!D20,"0.00")&IF('Parâmetros'!C20="valor_fixo"," R$ / ","% / ")&'Parâmetros'!E20 -> +15.00% / I | D49: =D20-D29 -> -125.37 | E49: =E20-E29 -> -128.88 | F49: =F20-F29 -> -132.49 | G49: =G20-G29 -> -136.2 | H49: =H20-H29 -> -140.02 | I49: =I20-I29 -> -143.94 | J49: =J20-J29 -> -147.97 | K49: =K20-K29 -> -152.12 | ... R49: =R20-R29 -> -184.57
B50: III | C50: ="+"&TEXT('Parâmetros'!D21,"0.00")&IF('Parâmetros'!C21="valor_fixo"," R$ / ","% / ")&'Parâmetros'!E21 -> +15.00% / II | D50: =D21-D30 -> -144.18 | E50: =E21-E30 -> -148.22 | F50: =F21-F30 -> -152.36 | G50: =G21-G30 -> -156.63 | H50: =H21-H30 -> -161.01 | I50: =I21-I30 -> -165.52 | J50: =J21-J30 -> -170.15 | K50: =K21-K30 -> -174.92 | ... R50: =R21-R30 -> -212.22
B51: IV | C51: ="+"&TEXT('Parâmetros'!D22,"0.00")&IF('Parâmetros'!C22="valor_fixo"," R$ / ","% / ")&'Parâmetros'!E22 -> +15.00% / III | D51: =D22-D31 -> -165.8 | E51: =E22-E31 -> -170.45 | F51: =F22-F31 -> -175.23 | G51: =G22-G31 -> -180.13 | H51: =H22-H31 -> -185.18 | I51: =I22-I31 -> -190.36 | J51: =J22-J31 -> -195.69 | K51: =K22-K31 -> -201.17 | ... R51: =R22-R31 -> -244.06
A54: Defasagem = referência ÷ atual − 1. Diferença mensal = atual − referência; negativa indica valor abaixo da referência.
A56: DEFASAGEM SALARIAL EM RELAÇÃO À REFERÊNCIA | O56: =D28/D19-1 -> 0.049999
A61: Continuação das classes/referências: XVI a XXX. Nenhuma classe foi descartada.
A63: ESTRUTURA DE PROMOÇÃO / PROGRESSÃO
A64: AUXILIAR ADMINISTRATIVO OPERACIONAL — 40 HORAS
A65: Classes → | B65: Nível | C65: Regra vertical | D65: XVI | E65: XVII | F65: XVIII | G65: XIX | H65: XX | I65: XXI | J65: XXII | K65: XXIII | L65: XXIV | M65: XXV | N65: XXVI | O65: XXVII | P65: XXVIII | Q65: XXIX | R65: XXX
A66: Níveis ↓ | B66: I | C66: Base | D66: ='Parâmetros'!C41/100 -> 0.028 | E66: ='Parâmetros'!C42/100 -> 0.028 | F66: ='Parâmetros'!C43/100 -> 0.028 | G66: ='Parâmetros'!C44/100 -> 0.028 | H66: ='Parâmetros'!C45/100 -> 0.028 | I66: ='Parâmetros'!C46/100 -> 0.028 | J66: ='Parâmetros'!C47/100 -> 0.028 | K66: ='Parâmetros'!C48/100 -> 0.028 | L66: ='Parâmetros'!C49/100 -> 0.028 | M66: ='Parâmetros'!C50/100 -> 0.028 | N66: ='Parâmetros'!C51/100 -> 0.028 | O66: ='Parâmetros'!C52/100 -> 0.028 | P66: ='Parâmetros'!C53/100 -> 0.028 | Q66: ='Parâmetros'!C54/100 -> 0.028 | R66: ='Parâmetros'!C55/100 -> 0.028
B67: II | C67: ="+"&TEXT('Parâmetros'!D20,"0.00")&IF('Parâmetros'!C20="valor_fixo"," R$ / ","% / ")&'Parâmetros'!E20 -> +15.00% / I | D67: ='Parâmetros'!C41/100 -> 0.028 | E67: ='Parâmetros'!C42/100 -> 0.028 | F67: ='Parâmetros'!C43/100 -> 0.028 | G67: ='Parâmetros'!C44/100 -> 0.028 | H67: ='Parâmetros'!C45/100 -> 0.028 | I67: ='Parâmetros'!C46/100 -> 0.028 | J67: ='Parâmetros'!C47/100 -> 0.028 | K67: ='Parâmetros'!C48/100 -> 0.028 | L67: ='Parâmetros'!C49/100 -> 0.028 | M67: ='Parâmetros'!C50/100 -> 0.028 | N67: ='Parâmetros'!C51/100 -> 0.028 | O67: ='Parâmetros'!C52/100 -> 0.028 | P67: ='Parâmetros'!C53/100 -> 0.028 | Q67: ='Parâmetros'!C54/100 -> 0.028 | R67: ='Parâmetros'!C55/100 -> 0.028
B68: III | C68: ="+"&TEXT('Parâmetros'!D21,"0.00")&IF('Parâmetros'!C21="valor_fixo"," R$ / ","% / ")&'Parâmetros'!E21 -> +15.00% / II | D68: ='Parâmetros'!C41/100 -> 0.028 | E68: ='Parâmetros'!C42/100 -> 0.028 | F68: ='Parâmetros'!C43/100 -> 0.028 | G68: ='Parâmetros'!C44/100 -> 0.028 | H68: ='Parâmetros'!C45/100 -> 0.028 | I68: ='Parâmetros'!C46/100 -> 0.028 | J68: ='Parâmetros'!C47/100 -> 0.028 | K68: ='Parâmetros'!C48/100 -> 0.028 | L68: ='Parâmetros'!C49/100 -> 0.028 | M68: ='Parâmetros'!C50/100 -> 0.028 | N68: ='Parâmetros'!C51/100 -> 0.028 | O68: ='Parâmetros'!C52/100 -> 0.028 | P68: ='Parâmetros'!C53/100 -> 0.028 | Q68: ='Parâmetros'!C54/100 -> 0.028 | R68: ='Parâmetros'!C55/100 -> 0.028
B69: IV | C69: ="+"&TEXT('Parâmetros'!D22,"0.00")&IF('Parâmetros'!C22="valor_fixo"," R$ / ","% / ")&'Parâmetros'!E22 -> +15.00% / III | D69: ='Parâmetros'!C41/100 -> 0.028 | E69: ='Parâmetros'!C42/100 -> 0.028 | F69: ='Parâmetros'!C43/100 -> 0.028 | G69: ='Parâmetros'!C44/100 -> 0.028 | H69: ='Parâmetros'!C45/100 -> 0.028 | I69: ='Parâmetros'!C46/100 -> 0.028 | J69: ='Parâmetros'!C47/100 -> 0.028 | K69: ='Parâmetros'!C48/100 -> 0.028 | L69: ='Parâmetros'!C49/100 -> 0.028 | M69: ='Parâmetros'!C50/100 -> 0.028 | N69: ='Parâmetros'!C51/100 -> 0.028 | O69: ='Parâmetros'!C52/100 -> 0.028 | P69: ='Parâmetros'!C53/100 -> 0.028 | Q69: ='Parâmetros'!C54/100 -> 0.028 | R69: ='Parâmetros'!C55/100 -> 0.028
A72: • TABELA DE VENCIMENTOS 2026 •
A73: AUXILIAR ADMINISTRATIVO OPERACIONAL — 40 HORAS
A74: Classes → | B74: Nível | C74: Regra vertical | D74: XVI | E74: XVII | F74: XVIII | G74: XIX | H74: XX | I74: XXI | J74: XXII | K74: XXIII | L74: XXIV | M74: XXV | N74: XXVI | O74: XXVII | P74: XXVIII | Q74: XXIX | R74: XXX
A75: Níveis ↓ | B75: I | C75: Base | D75: ='Dados originais'!S4 -> 3299.45 | E75: ='Dados originais'!T4 -> 3391.83 | F75: ='Dados originais'!U4 -> 3486.8 | G75: ='Dados originais'!V4 -> 3584.43 | H75: ='Dados originais'!W4 -> 3684.8 | I75: ='Dados originais'!X4 -> 3787.97 | J75: ='Dados originais'!Y4 -> 3894.03 | K75: ='Dados originais'!Z4 -> 4003.07 | ... R75: ='Dados originais'!AG4 -> 4856.74
B76: II | C76: ="+"&TEXT('Parâmetros'!D20,"0.00")&IF('Parâmetros'!C20="valor_fixo"," R$ / ","% / ")&'Parâmetros'!E20 -> +15.00% / I | D76: ='Dados originais'!S5 -> 3794.36 | E76: ='Dados originais'!T5 -> 3900.6 | F76: ='Dados originais'!U5 -> 4009.82 | G76: ='Dados originais'!V5 -> 4122.1 | H76: ='Dados originais'!W5 -> 4237.52 | I76: ='Dados originais'!X5 -> 4356.17 | J76: ='Dados originais'!Y5 -> 4478.14 | K76: ='Dados originais'!Z5 -> 4603.53 | ... R76: ='Dados originais'!AG5 -> 5585.25
B77: III | C77: ="+"&TEXT('Parâmetros'!D21,"0.00")&IF('Parâmetros'!C21="valor_fixo"," R$ / ","% / ")&'Parâmetros'!E21 -> +15.00% / II | D77: ='Dados originais'!S6 -> 4363.52 | E77: ='Dados originais'!T6 -> 4485.7 | F77: ='Dados originais'!U6 -> 4611.3 | G77: ='Dados originais'!V6 -> 4740.41 | H77: ='Dados originais'!W6 -> 4873.14 | I77: ='Dados originais'!X6 -> 5009.59 | J77: ='Dados originais'!Y6 -> 5149.86 | K77: ='Dados originais'!Z6 -> 5294.06 | ... R77: ='Dados originais'!AG6 -> 6423.04
B78: IV | C78: ="+"&TEXT('Parâmetros'!D22,"0.00")&IF('Parâmetros'!C22="valor_fixo"," R$ / ","% / ")&'Parâmetros'!E22 -> +15.00% / III | D78: ='Dados originais'!S7 -> 5018.04 | E78: ='Dados originais'!T7 -> 5158.55 | F78: ='Dados originais'!U7 -> 5302.99 | G78: ='Dados originais'!V7 -> 5451.47 | H78: ='Dados originais'!W7 -> 5604.11 | I78: ='Dados originais'!X7 -> 5761.03 | J78: ='Dados originais'!Y7 -> 5922.34 | K78: ='Dados originais'!Z7 -> 6088.16 | ... R78: ='Dados originais'!AG7 -> 7386.49
A81: • TABELA DE VENCIMENTOS — REFERÊNCIA Cenário didático: base inicial +5% •
A82: AUXILIAR ADMINISTRATIVO OPERACIONAL — 40 HORAS
A83: Classes → | B83: Nível | C83: Regra vertical | D83: XVI | E83: XVII | F83: XVIII | G83: XIX | H83: XX | I83: XXI | J83: XXII | K83: XXIII | L83: XXIV | M83: XXV | N83: XXVI | O83: XXVII | P83: XXVIII | Q83: XXIX | R83: XXX
A84: Níveis ↓ | B84: I | C84: Base | D84: =IF('Parâmetros'!$B$12="truncar",ROUNDDOWN(R28*(1+'Parâmetros'!C41/100),2),ROUND(R28*(1+'Parâmetros'!C41/100),2)) -> 3464.4 | E84: =IF('Parâmetros'!$B$12="truncar",ROUNDDOWN(D84*(1+'Parâmetros'!C42/100),2),ROUND(D84*(1+'Parâmetros'!C42/100),2)) -> 3561.4 | F84: =IF('Parâmetros'!$B$12="truncar",ROUNDDOWN(E84*(1+'Parâmetros'!C43/100),2),ROUND(E84*(1+'Parâmetros'!C43/100),2)) -> 3661.12 | G84: =IF('Parâmetros'!$B$12="truncar",ROUNDDOWN(F84*(1+'Parâmetros'!C44/100),2),ROUND(F84*(1+'Parâmetros'!C44/100),2)) -> 3763.63 | H84: =IF('Parâmetros'!$B$12="truncar",ROUNDDOWN(G84*(1+'Parâmetros'!C45/100),2),ROUND(G84*(1+'Parâmetros'!C45/100),2)) -> 3869.01 | I84: =IF('Parâmetros'!$B$12="truncar",ROUNDDOWN(H84*(1+'Parâmetros'!C46/100),2),ROUND(H84*(1+'Parâmetros'!C46/100),2)) -> 3977.34 | J84: =IF('Parâmetros'!$B$12="truncar",ROUNDDOWN(I84*(1+'Parâmetros'!C47/100),2),ROUND(I84*(1+'Parâmetros'!C47/100),2)) -> 4088.71 | K84: =IF('Parâmetros'!$B$12="truncar",ROUNDDOWN(J84*(1+'Parâmetros'!C48/100),2),ROUND(J84*(1+'Parâmetros'!C48/100),2)) -> 4203.19 | L84: =IF('Parâmetros'!$B$12="truncar",ROUNDDOWN(K84*(1+'Parâmetros'!C49/100),2),ROUND(K84*(1+'Parâmetros'!C49/100),2)) -> 4320.88 | M84: =IF('Parâmetros'!$B$12="truncar",ROUNDDOWN(L84*(1+'Parâmetros'!C50/100),2),ROUND(L84*(1+'Parâmetros'!C50/100),2)) -> 4441.86 | N84: =IF('Parâmetros'!$B$12="truncar",ROUNDDOWN(M84*(1+'Parâmetros'!C51/100),2),ROUND(M84*(1+'Parâmetros'!C51/100),2)) -> 4566.23 | O84: =IF('Parâmetros'!$B$12="truncar",ROUNDDOWN(N84*(1+'Parâmetros'!C52/100),2),ROUND(N84*(1+'Parâmetros'!C52/100),2)) -> 4694.08 | P84: =IF('Parâmetros'!$B$12="truncar",ROUNDDOWN(O84*(1+'Parâmetros'!C53/100),2),ROUND(O84*(1+'Parâmetros'!C53/100),2)) -> 4825.51 | Q84: =IF('Parâmetros'!$B$12="truncar",ROUNDDOWN(P84*(1+'Parâmetros'!C54/100),2),ROUND(P84*(1+'Parâmetros'!C54/100),2)) -> 4960.62 | R84: =IF('Parâmetros'!$B$12="truncar",ROUNDDOWN(Q84*(1+'Parâmetros'!C55/100),2),ROUND(Q84*(1+'Parâmetros'!C55/100),2)) -> 5099.52
B85: II | C85: ="+"&TEXT('Parâmetros'!D20,"0.00")&IF('Parâmetros'!C20="valor_fixo"," R$ / ","% / ")&'Parâmetros'!E20 -> +15.00% / I | D85: =IF('Parâmetros'!$B$12="truncar",ROUNDDOWN(R29*(1+'Parâmetros'!C41/100),2),ROUND(R29*(1+'Parâmetros'!C41/100),2)) -> 3984.1 | E85: =IF('Parâmetros'!$B$12="truncar",ROUNDDOWN(D85*(1+'Parâmetros'!C42/100),2),ROUND(D85*(1+'Parâmetros'!C42/100),2)) -> 4095.65 | F85: =IF('Parâmetros'!$B$12="truncar",ROUNDDOWN(E85*(1+'Parâmetros'!C43/100),2),ROUND(E85*(1+'Parâmetros'!C43/100),2)) -> 4210.33 | G85: =IF('Parâmetros'!$B$12="truncar",ROUNDDOWN(F85*(1+'Parâmetros'!C44/100),2),ROUND(F85*(1+'Parâmetros'!C44/100),2)) -> 4328.22 | H85: =IF('Parâmetros'!$B$12="truncar",ROUNDDOWN(G85*(1+'Parâmetros'!C45/100),2),ROUND(G85*(1+'Parâmetros'!C45/100),2)) -> 4449.41 | I85: =IF('Parâmetros'!$B$12="truncar",ROUNDDOWN(H85*(1+'Parâmetros'!C46/100),2),ROUND(H85*(1+'Parâmetros'!C46/100),2)) -> 4573.99 | J85: =IF('Parâmetros'!$B$12="truncar",ROUNDDOWN(I85*(1+'Parâmetros'!C47/100),2),ROUND(I85*(1+'Parâmetros'!C47/100),2)) -> 4702.06 | K85: =IF('Parâmetros'!$B$12="truncar",ROUNDDOWN(J85*(1+'Parâmetros'!C48/100),2),ROUND(J85*(1+'Parâmetros'!C48/100),2)) -> 4833.72 | L85: =IF('Parâmetros'!$B$12="truncar",ROUNDDOWN(K85*(1+'Parâmetros'!C49/100),2),ROUND(K85*(1+'Parâmetros'!C49/100),2)) -> 4969.06 | M85: =IF('Parâmetros'!$B$12="truncar",ROUNDDOWN(L85*(1+'Parâmetros'!C50/100),2),ROUND(L85*(1+'Parâmetros'!C50/100),2)) -> 5108.19 | N85: =IF('Parâmetros'!$B$12="truncar",ROUNDDOWN(M85*(1+'Parâmetros'!C51/100),2),ROUND(M85*(1+'Parâmetros'!C51/100),2)) -> 5251.22 | O85: =IF('Parâmetros'!$B$12="truncar",ROUNDDOWN(N85*(1+'Parâmetros'!C52/100),2),ROUND(N85*(1+'Parâmetros'!C52/100),2)) -> 5398.25 | P85: =IF('Parâmetros'!$B$12="truncar",ROUNDDOWN(O85*(1+'Parâmetros'!C53/100),2),ROUND(O85*(1+'Parâmetros'!C53/100),2)) -> 5549.4 | Q85: =IF('Parâmetros'!$B$12="truncar",ROUNDDOWN(P85*(1+'Parâmetros'!C54/100),2),ROUND(P85*(1+'Parâmetros'!C54/100),2)) -> 5704.78 | R85: =IF('Parâmetros'!$B$12="truncar",ROUNDDOWN(Q85*(1+'Parâmetros'!C55/100),2),ROUND(Q85*(1+'Parâmetros'!C55/100),2)) -> 5864.51
B86: III | C86: ="+"&TEXT('Parâmetros'!D21,"0.00")&IF('Parâmetros'!C21="valor_fixo"," R$ / ","% / ")&'Parâmetros'!E21 -> +15.00% / II | D86: =IF('Parâmetros'!$B$12="truncar",ROUNDDOWN(R30*(1+'Parâmetros'!C41/100),2),ROUND(R30*(1+'Parâmetros'!C41/100),2)) -> 4581.68 | E86: =IF('Parâmetros'!$B$12="truncar",ROUNDDOWN(D86*(1+'Parâmetros'!C42/100),2),ROUND(D86*(1+'Parâmetros'!C42/100),2)) -> 4709.97 | F86: =IF('Parâmetros'!$B$12="truncar",ROUNDDOWN(E86*(1+'Parâmetros'!C43/100),2),ROUND(E86*(1+'Parâmetros'!C43/100),2)) -> 4841.85 | G86: =IF('Parâmetros'!$B$12="truncar",ROUNDDOWN(F86*(1+'Parâmetros'!C44/100),2),ROUND(F86*(1+'Parâmetros'!C44/100),2)) -> 4977.42 | H86: =IF('Parâmetros'!$B$12="truncar",ROUNDDOWN(G86*(1+'Parâmetros'!C45/100),2),ROUND(G86*(1+'Parâmetros'!C45/100),2)) -> 5116.79 | I86: =IF('Parâmetros'!$B$12="truncar",ROUNDDOWN(H86*(1+'Parâmetros'!C46/100),2),ROUND(H86*(1+'Parâmetros'!C46/100),2)) -> 5260.06 | J86: =IF('Parâmetros'!$B$12="truncar",ROUNDDOWN(I86*(1+'Parâmetros'!C47/100),2),ROUND(I86*(1+'Parâmetros'!C47/100),2)) -> 5407.34 | K86: =IF('Parâmetros'!$B$12="truncar",ROUNDDOWN(J86*(1+'Parâmetros'!C48/100),2),ROUND(J86*(1+'Parâmetros'!C48/100),2)) -> 5558.75 | L86: =IF('Parâmetros'!$B$12="truncar",ROUNDDOWN(K86*(1+'Parâmetros'!C49/100),2),ROUND(K86*(1+'Parâmetros'!C49/100),2)) -> 5714.4 | M86: =IF('Parâmetros'!$B$12="truncar",ROUNDDOWN(L86*(1+'Parâmetros'!C50/100),2),ROUND(L86*(1+'Parâmetros'!C50/100),2)) -> 5874.4 | N86: =IF('Parâmetros'!$B$12="truncar",ROUNDDOWN(M86*(1+'Parâmetros'!C51/100),2),ROUND(M86*(1+'Parâmetros'!C51/100),2)) -> 6038.88 | O86: =IF('Parâmetros'!$B$12="truncar",ROUNDDOWN(N86*(1+'Parâmetros'!C52/100),2),ROUND(N86*(1+'Parâmetros'!C52/100),2)) -> 6207.97 | P86: =IF('Parâmetros'!$B$12="truncar",ROUNDDOWN(O86*(1+'Parâmetros'!C53/100),2),ROUND(O86*(1+'Parâmetros'!C53/100),2)) -> 6381.79 | Q86: =IF('Parâmetros'!$B$12="truncar",ROUNDDOWN(P86*(1+'Parâmetros'!C54/100),2),ROUND(P86*(1+'Parâmetros'!C54/100),2)) -> 6560.48 | R86: =IF('Parâmetros'!$B$12="truncar",ROUNDDOWN(Q86*(1+'Parâmetros'!C55/100),2),ROUND(Q86*(1+'Parâmetros'!C55/100),2)) -> 6744.17
B87: IV | C87: ="+"&TEXT('Parâmetros'!D22,"0.00")&IF('Parâmetros'!C22="valor_fixo"," R$ / ","% / ")&'Parâmetros'!E22 -> +15.00% / III | D87: =IF('Parâmetros'!$B$12="truncar",ROUNDDOWN(R31*(1+'Parâmetros'!C41/100),2),ROUND(R31*(1+'Parâmetros'!C41/100),2)) -> 5268.94 | E87: =IF('Parâmetros'!$B$12="truncar",ROUNDDOWN(D87*(1+'Parâmetros'!C42/100),2),ROUND(D87*(1+'Parâmetros'!C42/100),2)) -> 5416.47 | F87: =IF('Parâmetros'!$B$12="truncar",ROUNDDOWN(E87*(1+'Parâmetros'!C43/100),2),ROUND(E87*(1+'Parâmetros'!C43/100),2)) -> 5568.13 | G87: =IF('Parâmetros'!$B$12="truncar",ROUNDDOWN(F87*(1+'Parâmetros'!C44/100),2),ROUND(F87*(1+'Parâmetros'!C44/100),2)) -> 5724.04 | H87: =IF('Parâmetros'!$B$12="truncar",ROUNDDOWN(G87*(1+'Parâmetros'!C45/100),2),ROUND(G87*(1+'Parâmetros'!C45/100),2)) -> 5884.31 | I87: =IF('Parâmetros'!$B$12="truncar",ROUNDDOWN(H87*(1+'Parâmetros'!C46/100),2),ROUND(H87*(1+'Parâmetros'!C46/100),2)) -> 6049.07 | J87: =IF('Parâmetros'!$B$12="truncar",ROUNDDOWN(I87*(1+'Parâmetros'!C47/100),2),ROUND(I87*(1+'Parâmetros'!C47/100),2)) -> 6218.44 | K87: =IF('Parâmetros'!$B$12="truncar",ROUNDDOWN(J87*(1+'Parâmetros'!C48/100),2),ROUND(J87*(1+'Parâmetros'!C48/100),2)) -> 6392.56 | L87: =IF('Parâmetros'!$B$12="truncar",ROUNDDOWN(K87*(1+'Parâmetros'!C49/100),2),ROUND(K87*(1+'Parâmetros'!C49/100),2)) -> 6571.55 | M87: =IF('Parâmetros'!$B$12="truncar",ROUNDDOWN(L87*(1+'Parâmetros'!C50/100),2),ROUND(L87*(1+'Parâmetros'!C50/100),2)) -> 6755.55 | N87: =IF('Parâmetros'!$B$12="truncar",ROUNDDOWN(M87*(1+'Parâmetros'!C51/100),2),ROUND(M87*(1+'Parâmetros'!C51/100),2)) -> 6944.71 | O87: =IF('Parâmetros'!$B$12="truncar",ROUNDDOWN(N87*(1+'Parâmetros'!C52/100),2),ROUND(N87*(1+'Parâmetros'!C52/100),2)) -> 7139.16 | P87: =IF('Parâmetros'!$B$12="truncar",ROUNDDOWN(O87*(1+'Parâmetros'!C53/100),2),ROUND(O87*(1+'Parâmetros'!C53/100),2)) -> 7339.06 | Q87: =IF('Parâmetros'!$B$12="truncar",ROUNDDOWN(P87*(1+'Parâmetros'!C54/100),2),ROUND(P87*(1+'Parâmetros'!C54/100),2)) -> 7544.55 | R87: =IF('Parâmetros'!$B$12="truncar",ROUNDDOWN(Q87*(1+'Parâmetros'!C55/100),2),ROUND(Q87*(1+'Parâmetros'!C55/100),2)) -> 7755.8
A90: ="Neste bloco: "&SUMPRODUCT(--(D75:R78<D84:R87))&" vencimentos abaixo da referência de carreira; "&COUNTIF(D75:R78,"<"&$D$4)&" abaixo da base inicial (em vermelho)." -> Neste bloco: 60 vencimentos abaixo da referência de carreira; 0 abaixo da base inicial (em vermelho).
A92: NÃO CONFORMIDADES EM RELAÇÃO À REFERÊNCIA
A93: AUXILIAR ADMINISTRATIVO OPERACIONAL — 40 HORAS
A94: Classes → | B94: Nível | C94: Regra vertical | D94: XVI | E94: XVII | F94: XVIII | G94: XIX | H94: XX | I94: XXI | J94: XXII | K94: XXIII | L94: XXIV | M94: XXV | N94: XXVI | O94: XXVII | P94: XXVIII | Q94: XXIX | R94: XXX
A95: Níveis ↓ | B95: I | C95: Base | D95: ='Dados originais'!S4 -> 3299.45 | E95: ='Dados originais'!T4 -> 3391.83 | F95: ='Dados originais'!U4 -> 3486.8 | G95: ='Dados originais'!V4 -> 3584.43 | H95: ='Dados originais'!W4 -> 3684.8 | I95: ='Dados originais'!X4 -> 3787.97 | J95: ='Dados originais'!Y4 -> 3894.03 | K95: ='Dados originais'!Z4 -> 4003.07 | ... R95: ='Dados originais'!AG4 -> 4856.74
B96: II | C96: ="+"&TEXT('Parâmetros'!D20,"0.00")&IF('Parâmetros'!C20="valor_fixo"," R$ / ","% / ")&'Parâmetros'!E20 -> +15.00% / I | D96: ='Dados originais'!S5 -> 3794.36 | E96: ='Dados originais'!T5 -> 3900.6 | F96: ='Dados originais'!U5 -> 4009.82 | G96: ='Dados originais'!V5 -> 4122.1 | H96: ='Dados originais'!W5 -> 4237.52 | I96: ='Dados originais'!X5 -> 4356.17 | J96: ='Dados originais'!Y5 -> 4478.14 | K96: ='Dados originais'!Z5 -> 4603.53 | ... R96: ='Dados originais'!AG5 -> 5585.25
B97: III | C97: ="+"&TEXT('Parâmetros'!D21,"0.00")&IF('Parâmetros'!C21="valor_fixo"," R$ / ","% / ")&'Parâmetros'!E21 -> +15.00% / II | D97: ='Dados originais'!S6 -> 4363.52 | E97: ='Dados originais'!T6 -> 4485.7 | F97: ='Dados originais'!U6 -> 4611.3 | G97: ='Dados originais'!V6 -> 4740.41 | H97: ='Dados originais'!W6 -> 4873.14 | I97: ='Dados originais'!X6 -> 5009.59 | J97: ='Dados originais'!Y6 -> 5149.86 | K97: ='Dados originais'!Z6 -> 5294.06 | ... R97: ='Dados originais'!AG6 -> 6423.04
B98: IV | C98: ="+"&TEXT('Parâmetros'!D22,"0.00")&IF('Parâmetros'!C22="valor_fixo"," R$ / ","% / ")&'Parâmetros'!E22 -> +15.00% / III | D98: ='Dados originais'!S7 -> 5018.04 | E98: ='Dados originais'!T7 -> 5158.55 | F98: ='Dados originais'!U7 -> 5302.99 | G98: ='Dados originais'!V7 -> 5451.47 | H98: ='Dados originais'!W7 -> 5604.11 | I98: ='Dados originais'!X7 -> 5761.03 | J98: ='Dados originais'!Y7 -> 5922.34 | K98: ='Dados originais'!Z7 -> 6088.16 | ... R98: ='Dados originais'!AG7 -> 7386.49
A101: • DEFASAGEM SALARIAL MENSAL •
A102: AUXILIAR ADMINISTRATIVO OPERACIONAL — 40 HORAS
A103: Classes → | B103: Nível | C103: Regra vertical | D103: XVI | E103: XVII | F103: XVIII | G103: XIX | H103: XX | I103: XXI | J103: XXII | K103: XXIII | L103: XXIV | M103: XXV | N103: XXVI | O103: XXVII | P103: XXVIII | Q103: XXIX | R103: XXX
A104: Níveis ↓ | B104: I | C104: Base | D104: =D75-D84 -> -164.95 | E104: =E75-E84 -> -169.57 | F104: =F75-F84 -> -174.32 | G104: =G75-G84 -> -179.2 | H104: =H75-H84 -> -184.21 | I104: =I75-I84 -> -189.37 | J104: =J75-J84 -> -194.68 | K104: =K75-K84 -> -200.12 | ... R104: =R75-R84 -> -242.78
B105: II | C105: ="+"&TEXT('Parâmetros'!D20,"0.00")&IF('Parâmetros'!C20="valor_fixo"," R$ / ","% / ")&'Parâmetros'!E20 -> +15.00% / I | D105: =D76-D85 -> -189.74 | E105: =E76-E85 -> -195.05 | F105: =F76-F85 -> -200.51 | G105: =G76-G85 -> -206.12 | H105: =H76-H85 -> -211.89 | I105: =I76-I85 -> -217.82 | J105: =J76-J85 -> -223.92 | K105: =K76-K85 -> -230.19 | ... R105: =R76-R85 -> -279.26
B106: III | C106: ="+"&TEXT('Parâmetros'!D21,"0.00")&IF('Parâmetros'!C21="valor_fixo"," R$ / ","% / ")&'Parâmetros'!E21 -> +15.00% / II | D106: =D77-D86 -> -218.16 | E106: =E77-E86 -> -224.27 | F106: =F77-F86 -> -230.55 | G106: =G77-G86 -> -237.01 | H106: =H77-H86 -> -243.65 | I106: =I77-I86 -> -250.47 | J106: =J77-J86 -> -257.48 | K106: =K77-K86 -> -264.69 | ... R106: =R77-R86 -> -321.13
B107: IV | C107: ="+"&TEXT('Parâmetros'!D22,"0.00")&IF('Parâmetros'!C22="valor_fixo"," R$ / ","% / ")&'Parâmetros'!E22 -> +15.00% / III | D107: =D78-D87 -> -250.9 | E107: =E78-E87 -> -257.92 | F107: =F78-F87 -> -265.14 | G107: =G78-G87 -> -272.57 | H107: =H78-H87 -> -280.2 | I107: =I78-I87 -> -288.04 | J107: =J78-J87 -> -296.1 | K107: =K78-K87 -> -304.4 | ... R107: =R78-R87 -> -369.31
A110: Defasagem = referência ÷ atual − 1. Diferença mensal = atual − referência; negativa indica valor abaixo da referência.
A112: DEFASAGEM SALARIAL EM RELAÇÃO À REFERÊNCIA | O112: =D28/D19-1 -> 0.049999
A117: Continuação das classes/referências: XXXI a XLV. Nenhuma classe foi descartada.
A119: ESTRUTURA DE PROMOÇÃO / PROGRESSÃO
A120: AUXILIAR ADMINISTRATIVO OPERACIONAL — 40 HORAS
A121: Classes → | B121: Nível | C121: Regra vertical | D121: XXXI | E121: XXXII | F121: XXXIII | G121: XXXIV | H121: XXXV | I121: XXXVI | J121: XXXVII | K121: XXXVIII | L121: XXXIX | M121: XL | N121: XLI | O121: XLII | P121: XLIII | Q121: XLIV | R121: XLV
A122: Níveis ↓ | B122: I | C122: Base | D122: ='Parâmetros'!C56/100 -> 0.028 | E122: ='Parâmetros'!C57/100 -> 0.028 | F122: ='Parâmetros'!C58/100 -> 0.028 | G122: ='Parâmetros'!C59/100 -> 0.028 | H122: ='Parâmetros'!C60/100 -> 0.028 | I122: ='Parâmetros'!C61/100 -> 0.028 | J122: ='Parâmetros'!C62/100 -> 0.028 | K122: ='Parâmetros'!C63/100 -> 0.028 | L122: ='Parâmetros'!C64/100 -> 0.028 | M122: ='Parâmetros'!C65/100 -> 0.028 | N122: ='Parâmetros'!C66/100 -> 0.028 | O122: ='Parâmetros'!C67/100 -> 0.028 | P122: ='Parâmetros'!C68/100 -> 0.028 | Q122: ='Parâmetros'!C69/100 -> 0.028 | R122: ='Parâmetros'!C70/100 -> 0.028
B123: II | C123: ="+"&TEXT('Parâmetros'!D20,"0.00")&IF('Parâmetros'!C20="valor_fixo"," R$ / ","% / ")&'Parâmetros'!E20 -> +15.00% / I | D123: ='Parâmetros'!C56/100 -> 0.028 | E123: ='Parâmetros'!C57/100 -> 0.028 | F123: ='Parâmetros'!C58/100 -> 0.028 | G123: ='Parâmetros'!C59/100 -> 0.028 | H123: ='Parâmetros'!C60/100 -> 0.028 | I123: ='Parâmetros'!C61/100 -> 0.028 | J123: ='Parâmetros'!C62/100 -> 0.028 | K123: ='Parâmetros'!C63/100 -> 0.028 | L123: ='Parâmetros'!C64/100 -> 0.028 | M123: ='Parâmetros'!C65/100 -> 0.028 | N123: ='Parâmetros'!C66/100 -> 0.028 | O123: ='Parâmetros'!C67/100 -> 0.028 | P123: ='Parâmetros'!C68/100 -> 0.028 | Q123: ='Parâmetros'!C69/100 -> 0.028 | R123: ='Parâmetros'!C70/100 -> 0.028
B124: III | C124: ="+"&TEXT('Parâmetros'!D21,"0.00")&IF('Parâmetros'!C21="valor_fixo"," R$ / ","% / ")&'Parâmetros'!E21 -> +15.00% / II | D124: ='Parâmetros'!C56/100 -> 0.028 | E124: ='Parâmetros'!C57/100 -> 0.028 | F124: ='Parâmetros'!C58/100 -> 0.028 | G124: ='Parâmetros'!C59/100 -> 0.028 | H124: ='Parâmetros'!C60/100 -> 0.028 | I124: ='Parâmetros'!C61/100 -> 0.028 | J124: ='Parâmetros'!C62/100 -> 0.028 | K124: ='Parâmetros'!C63/100 -> 0.028 | L124: ='Parâmetros'!C64/100 -> 0.028 | M124: ='Parâmetros'!C65/100 -> 0.028 | N124: ='Parâmetros'!C66/100 -> 0.028 | O124: ='Parâmetros'!C67/100 -> 0.028 | P124: ='Parâmetros'!C68/100 -> 0.028 | Q124: ='Parâmetros'!C69/100 -> 0.028 | R124: ='Parâmetros'!C70/100 -> 0.028
B125: IV | C125: ="+"&TEXT('Parâmetros'!D22,"0.00")&IF('Parâmetros'!C22="valor_fixo"," R$ / ","% / ")&'Parâmetros'!E22 -> +15.00% / III | D125: ='Parâmetros'!C56/100 -> 0.028 | E125: ='Parâmetros'!C57/100 -> 0.028 | F125: ='Parâmetros'!C58/100 -> 0.028 | G125: ='Parâmetros'!C59/100 -> 0.028 | H125: ='Parâmetros'!C60/100 -> 0.028 | I125: ='Parâmetros'!C61/100 -> 0.028 | J125: ='Parâmetros'!C62/100 -> 0.028 | K125: ='Parâmetros'!C63/100 -> 0.028 | L125: ='Parâmetros'!C64/100 -> 0.028 | M125: ='Parâmetros'!C65/100 -> 0.028 | N125: ='Parâmetros'!C66/100 -> 0.028 | O125: ='Parâmetros'!C67/100 -> 0.028 | P125: ='Parâmetros'!C68/100 -> 0.028 | Q125: ='Parâmetros'!C69/100 -> 0.028 | R125: ='Parâmetros'!C70/100 -> 0.028
A128: • TABELA DE VENCIMENTOS 2026 •
A129: AUXILIAR ADMINISTRATIVO OPERACIONAL — 40 HORAS
A130: Classes → | B130: Nível | C130: Regra vertical | D130: XXXI | E130: XXXII | F130: XXXIII | G130: XXXIV | H130: XXXV | I130: XXXVI | J130: XXXVII | K130: XXXVIII | L130: XXXIX | M130: XL | N130: XLI | O130: XLII | P130: XLIII | Q130: XLIV | R130: XLV
A131: Níveis ↓ | B131: I | C131: Base | D131: ='Dados originais'!AH4 -> 4992.73 | E131: ='Dados originais'!AI4 -> 5132.52 | F131: ='Dados originais'!AJ4 -> 5276.23 | G131: ='Dados originais'!AK4 -> 5423.97 | H131: ='Dados originais'!AL4 -> 5575.84 | I131: ='Dados originais'!AM4 -> 5731.96 | J131: ='Dados originais'!AN4 -> 5892.46 | K131: ='Dados originais'!AO4 -> 6057.45 | ... R131: ='Dados originais'!AV4 -> 7349.22
B132: II | C132: ="+"&TEXT('Parâmetros'!D20,"0.00")&IF('Parâmetros'!C20="valor_fixo"," R$ / ","% / ")&'Parâmetros'!E20 -> +15.00% / I | D132: ='Dados originais'!AH5 -> 5741.63 | E132: ='Dados originais'!AI5 -> 5902.4 | F132: ='Dados originais'!AJ5 -> 6067.67 | G132: ='Dados originais'!AK5 -> 6237.56 | H132: ='Dados originais'!AL5 -> 6412.21 | I132: ='Dados originais'!AM5 -> 6591.76 | J132: ='Dados originais'!AN5 -> 6776.32 | K132: ='Dados originais'!AO5 -> 6966.06 | ... R132: ='Dados originais'!AV5 -> 8451.6
B133: III | C133: ="+"&TEXT('Parâmetros'!D21,"0.00")&IF('Parâmetros'!C21="valor_fixo"," R$ / ","% / ")&'Parâmetros'!E21 -> +15.00% / II | D133: ='Dados originais'!AH6 -> 6602.88 | E133: ='Dados originais'!AI6 -> 6787.76 | F133: ='Dados originais'!AJ6 -> 6977.82 | G133: ='Dados originais'!AK6 -> 7173.2 | H133: ='Dados originais'!AL6 -> 7374.05 | I133: ='Dados originais'!AM6 -> 7580.52 | J133: ='Dados originais'!AN6 -> 7792.77 | K133: ='Dados originais'!AO6 -> 8010.97 | ... R133: ='Dados originais'!AV6 -> 9719.35
B134: IV | C134: ="+"&TEXT('Parâmetros'!D22,"0.00")&IF('Parâmetros'!C22="valor_fixo"," R$ / ","% / ")&'Parâmetros'!E22 -> +15.00% / III | D134: ='Dados originais'!AH7 -> 7593.31 | E134: ='Dados originais'!AI7 -> 7805.92 | F134: ='Dados originais'!AJ7 -> 8024.49 | G134: ='Dados originais'!AK7 -> 8249.18 | H134: ='Dados originais'!AL7 -> 8480.15 | I134: ='Dados originais'!AM7 -> 8717.6 | J134: ='Dados originais'!AN7 -> 8961.69 | K134: ='Dados originais'!AO7 -> 9212.62 | ... R134: ='Dados originais'!AV7 -> 11177.25
A137: • TABELA DE VENCIMENTOS — REFERÊNCIA Cenário didático: base inicial +5% •
A138: AUXILIAR ADMINISTRATIVO OPERACIONAL — 40 HORAS
A139: Classes → | B139: Nível | C139: Regra vertical | D139: XXXI | E139: XXXII | F139: XXXIII | G139: XXXIV | H139: XXXV | I139: XXXVI | J139: XXXVII | K139: XXXVIII | L139: XXXIX | M139: XL | N139: XLI | O139: XLII | P139: XLIII | Q139: XLIV | R139: XLV
...

Sheet Parâmetros
A1: PARÂMETROS DA COMPARAÇÃO
A3: Município | B3: Curitiba
A4: Profissão/cargo | B4: Auxiliar Administrativo Operacional
A5: Ano | B5: 2026
A6: Jornada do cargo (h/semana) | B6: 40
A7: Tipo da referência | B7: cenario
A8: Nome da referência | B8: Cenário didático: base inicial +5%
A9: Valor da referência | B9: 2289.46
A10: Jornada da referência | B10: 40
A11: Proporcionalidade autorizada | B11: não
A12: Tratamento dos centavos | B12: arredondar
A13: Referência proporcional | B13: =IF(B12="truncar",ROUNDDOWN(IF(B11="sim",B9*B6/B10,B9),2),ROUND(IF(B11="sim",B9*B6/B10,B9),2)) -> 2289.46
A14: Ano da referência | B14: 2026
A15: Tolerância estrutural (R$) | B15: 0.01
A16: Coerência de ano/jornada | B16: =IF(AND(B5=B14,OR(B11="sim",B6=B10)),"OK","REVISAR ANO/JORNADA") -> OK
A18: Nível | B18: Descrição | C18: Regra vertical | D18: Valor (% ou R$) | E18: Sobre o nível
A19: I | B19: Parte permanente — Nível I | C19: base | D19: 0
A20: II | B20: Parte permanente — Nível II | C20: percentual | D20: 15 | E20: I
A21: III | B21: Parte permanente — Nível III | C21: percentual | D21: 15 | E21: II
A22: IV | B22: Parte permanente — Nível IV | C22: percentual | D22: 15 | E22: III
A26: Classe de origem | B26: Classe de destino | C26: Progressão (%)
A27: I | B27: II | C27: 2.8
A28: II | B28: III | C28: 2.8
A29: III | B29: IV | C29: 2.8
A30: IV | B30: V | C30: 2.8
A31: V | B31: VI | C31: 2.8
A32: VI | B32: VII | C32: 2.8
A33: VII | B33: VIII | C33: 2.8
A34: VIII | B34: IX | C34: 2.8
A35: IX | B35: X | C35: 2.8
A36: X | B36: XI | C36: 2.8
A37: XI | B37: XII | C37: 2.8
A38: XII | B38: XIII | C38: 2.8
... A71: XLV | B71: XLVI | C71: 2.8
A74: Cenário/consultoria é uma referência analítica. PSPN é exclusivo do magistério. Alterar profissão, ano ou jornada exige revisar a referência e sua fonte.

Sheet Dados originais
A1: TABELA MUNICIPAL TRANSCRITA — VALORES DE ENTRADA
A3: Nível | B3: Descrição | C3: Regra vertical | D3: I | E3: II | F3: III | G3: IV | H3: V | I3: VI | J3: VII | K3: VIII | L3: IX | M3: X | N3: XI | O3: XII | P3: XIII | Q3: XIV | R3: XV | S3: XVI | T3: XVII | U3: XVIII | V3: XIX | W3: XX | X3: XXI | Y3: XXII | Z3: XXIII | AA3: XXIV | AB3: XXV | AC3: XXVI | AD3: XXVII | AE3: XXVIII | AF3: XXIX | AG3: XXX | AH3: XXXI | AI3: XXXII | AJ3: XXXIII | AK3: XXXIV | AL3: XXXV | AM3: XXXVI | AN3: XXXVII | AO3: XXXVIII | AP3: XXXIX | AQ3: XL | AR3: XLI | AS3: XLII | AT3: XLIII | AU3: XLIV | AV3: XLV | AW3: XLVI
A4: I | B4: Parte permanente — Nível I | C4: base | D4: 2180.44 | E4: 2241.49 | F4: 2304.25 | G4: 2368.77 | H4: 2435.1 | I4: 2503.28 | J4: 2573.37 | K4: 2645.43 | L4: 2719.5 | M4: 2795.65 | N4: 2873.93 | O4: 2954.39 | P4: 3037.12 | Q4: 3122.16 | R4: 3209.58 | S4: 3299.45 | T4: 3391.83 | U4: 3486.8 | V4: 3584.43 | W4: 3684.8 | X4: 3787.97 | Y4: 3894.03 | Z4: 4003.07 | AA4: 4115.15 | AB4: 4230.38 | AC4: 4348.83 | AD4: 4470.59 | AE4: 4595.77 | AF4: 4724.45 | AG4: 4856.74 | AH4: 4992.73 | AI4: 5132.52 | AJ4: 5276.23 | AK4: 5423.97 | AL4: 5575.84 | AM4: 5731.96 | AN4: 5892.46 | AO4: 6057.45 | AP4: 6227.05 | AQ4: 6401.41 | AR4: 6580.65 | AS4: 6764.91 | AT4: 6954.33 | AU4: 7149.05 | AV4: 7349.22 | AW4: 7555
A5: II | B5: Parte permanente — Nível II | C5: percentual | D5: 2507.51 | E5: 2577.72 | F5: 2649.89 | G5: 2724.09 | H5: 2800.36 | I5: 2878.77 | J5: 2959.38 | K5: 3042.24 | L5: 3127.43 | M5: 3214.99 | N5: 3305.01 | O5: 3397.55 | P5: 3492.69 | Q5: 3590.48 | R5: 3691.01 | S5: 3794.36 | T5: 3900.6 | U5: 4009.82 | V5: 4122.1 | W5: 4237.52 | X5: 4356.17 | Y5: 4478.14 | Z5: 4603.53 | AA5: 4732.43 | AB5: 4864.93 | AC5: 5001.15 | AD5: 5141.18 | AE5: 5285.14 | AF5: 5433.12 | AG5: 5585.25 | AH5: 5741.63 | AI5: 5902.4 | AJ5: 6067.67 | AK5: 6237.56 | AL5: 6412.21 | AM5: 6591.76 | AN5: 6776.32 | AO5: 6966.06 | AP5: 7161.11 | AQ5: 7361.62 | AR5: 7567.75 | AS5: 7779.65 | AT5: 7997.48 | AU5: 8221.4 | AV5: 8451.6 | AW5: 8688.25
A6: III | B6: Parte permanente — Nível III | C6: percentual | D6: 2883.63 | E6: 2964.37 | F6: 3047.38 | G6: 3132.7 | H6: 3220.42 | I6: 3310.59 | J6: 3403.29 | K6: 3498.58 | L6: 3596.54 | M6: 3697.24 | N6: 3800.77 | O6: 3907.19 | P6: 4016.59 | Q6: 4129.05 | R6: 4244.67 | S6: 4363.52 | T6: 4485.7 | U6: 4611.3 | V6: 4740.41 | W6: 4873.14 | X6: 5009.59 | Y6: 5149.86 | Z6: 5294.06 | AA6: 5442.29 | AB6: 5594.67 | AC6: 5751.32 | AD6: 5912.36 | AE6: 6077.91 | AF6: 6248.09 | AG6: 6423.04 | AH6: 6602.88 | AI6: 6787.76 | AJ6: 6977.82 | AK6: 7173.2 | AL6: 7374.05 | AM6: 7580.52 | AN6: 7792.77 | AO6: 8010.97 | AP6: 8235.28 | AQ6: 8465.87 | AR6: 8702.91 | AS6: 8946.59 | AT6: 9197.1 | AU6: 9454.62 | AV6: 9719.35 | AW6: 9991.49
A7: IV | B7: Parte permanente — Nível IV | C7: percentual | D7: 3316.18 | E7: 3409.03 | F7: 3504.48 | G7: 3602.61 | H7: 3703.48 | I7: 3807.18 | J7: 3913.78 | K7: 4023.37 | L7: 4136.02 | M7: 4251.83 | N7: 4370.88 | O7: 4493.27 | P7: 4619.08 | Q7: 4748.41 | R7: 4881.37 | S7: 5018.04 | T7: 5158.55 | U7: 5302.99 | V7: 5451.47 | W7: 5604.11 | X7: 5761.03 | Y7: 5922.34 | Z7: 6088.16 | AA7: 6258.63 | AB7: 6433.87 | AC7: 6614.02 | AD7: 6799.22 | AE7: 6989.59 | AF7: 7185.3 | AG7: 7386.49 | AH7: 7593.31 | AI7: 7805.92 | AJ7: 8024.49 | AK7: 8249.18 | AL7: 8480.15 | AM7: 8717.6 | AN7: 8961.69 | AO7: 9212.62 | AP7: 9470.57 | AQ7: 9735.75 | AR7: 10008.35 | AS7: 10288.58 | AT7: 10576.66 | AU7: 10872.81 | AV7: 11177.25 | AW7: 11490.21

Sheet Fontes e premissas
A1: FONTES E DECISÕES ADOTADAS
A3: Organização | B3: Jornada (2).pdf, páginas impressas 9–11: estrutura, atual verde, referência roxa, não conformidades, diferenças e defasagem em vermelho.
A4: Tabela municipal | B4: curitiba.pdf, página 2 (Anexo B1)
A5: URL tabela | B5: https://mid-transparencia.curitiba.pr.gov.br/funcionarios/ano_2026_tabelas_salariais_20260204.pdf
A6: Referência | B6: Hipótese de teste definida pela equipe: 2.180,44 × 1,05. Não é piso legal nem proposta aprovada.
A7: URL referência
A8: Centavos | B8: arredondar em cada etapa. Padrão geral: arredondar. Cafezal: truncar para reproduzir o anexo.
A9: Vigência | B9: 2026; não pressupõe que a tabela histórica seja a mais recente.
A10: Regra da defasagem | B10: (referência / atual - 1) × 100; o destaque usa a classe inicial, conforme o exemplo.
A11: Valores atuais | B11: Transcritos do documento. Permanecem preservados; somente referências são calculadas.
A12: Uso da referência | B12: cenario: Cenário didático: base inicial +5%
A13: Cores de alerta | B13: Vermelho na tabela atual: vencimento abaixo da base de referência. Diferenças da carreira: atual menos referência.
A14: Edição posterior | B14: Ajuste valores, modo e progressões em Parâmetros/Dados originais. Mudança de fonte, profissão, vigência ou quantidade de classes: regenere pelo sistema.
A15: Observação ao gerar | B15: Tabela oficial de janeiro de 2026; não foi confirmada publicação posterior.
A16: Observação ao gerar | B16: Recorte completo da parte permanente do Anexo B1: 4 níveis e 46 referências. Parte especial excluída explicitamente por ter enquadramento distinto.
A17: Observação ao gerar | B17: Progressão horizontal de 2,8% e vertical de 15% inferidas matematicamente para testar o fluxo; a lei deve validar sua aplicação.
A18: Observação ao gerar | B18: O arredondamento comercial foi aplicado em cada etapa; ele pode divergir em centavos de tabelas municipais que usam truncamento.
A19: Observação ao gerar | B19: As progressões entre classes foram inferidas matematicamente; confirme cada percentual na lei municipal.
... A21: Observação ao gerar | B21: A referência aplica as regras de carreira informadas; divergências numéricas não constituem parecer jurídico.
