Workbook

Sheet Resumo histórico
A1: HISTÓRICO FINANCEIRO DO MAGISTÉRIO MUNICIPAL
A2: Município | B2: Curitiba | C2: Entidade | D2: Município de Curitiba
A3: Período | B3: 2019–2025 | C3: Coletado em | D3: 2026-08-15T19:14:01-03:00
A5: Indicador | B5: Resultado
A6: Exercícios analisados | B6: 7
A7: Exercícios com erro | B7: 0
A8: Evolução acumulada da RCL ajustada | B8: 0.67620706
A9: Evolução acumulada da despesa | B9: 0.71084985
A10: Evolução acumulada das receitas do FUNDEB | B10: 0.73872478
A11: Média de comprometimento | B11: 0.38826
A12: Maior comprometimento | B12: 0.427749
A13: Ano do maior comprometimento | B13: 2023

Sheet Histórico
A1: Ano | B1: RCL | C1: RCL ajustada | D1: Despesa com pessoal | E1: % oficial | F1: % recalculado | G1: Classificação | H1: Receitas FUNDEB | I1: Resultado líquido FUNDEB | J1: Aplicação MDE | K1: Δ RCL ajustada | L1: Δ despesa | M1: Δ FUNDEB | N1: Δ comprometimento (p.p.) | O1: Avisos | P1: Limite de alerta | Q1: Limite prudencial | R1: Limite máximo
A2: 2019 | B2: 7.3614307e+09 | C2: 7.3598723e+09 | D2: 2.7860747e+09 | E2: 0.3785 | F2: 0.378549 | G2: normal | H2: 6.0016293e+08 | I2: 2.7521294e+08 | P2: 0.486 | Q2: 0.513 | R2: 0.54
A3: 2020 | B3: 7.8668534e+09 | C3: 7.8358972e+09 | D3: 2.8845716e+09 | E3: 0.3681 | F3: 0.368123 | G3: normal | H3: 5.7201147e+08 | I3: 2.5445421e+08 | K3: 0.064678422 | L3: 0.035353287 | M3: -0.046906368 | N3: -0.010426 | P3: 0.486 | Q3: 0.513 | R3: 0.54
A4: 2021 | B4: 8.2894948e+09 | C4: 8.2827307e+09 | D4: 3.1863807e+09 | E4: 0.3847 | F4: 0.384702 | G4: normal | H4: 7.1379081e+08 | I4: 3.3990572e+08 | K4: 0.057023904 | L4: 0.10462874 | M4: 0.24786101 | N4: 0.016579 | P4: 0.486 | Q4: 0.513 | R4: 0.54
A5: 2022 | B5: 9.3355222e+09 | C5: 9.3143799e+09 | D5: 3.3349937e+09 | E5: 0.358 | F5: 0.358048 | G5: normal | H5: 8.6091834e+08 | I5: 4.2445139e+08 | K5: 0.12455424 | L5: 0.046640068 | M5: 0.20612136 | N5: -0.026654 | P5: 0.486 | Q5: 0.513 | R5: 0.54
A6: 2023 | B6: 9.9675931e+09 | C6: 9.9359102e+09 | D6: 4.2500709e+09 | E6: 0.4277 | F6: 0.427749 | G6: normal | H6: 8.6380458e+08 | I6: 4.0888948e+08 | K6: 0.066728039 | L6: 0.27438648 | M6: 0.0033525033 | N6: 0.069701 | P6: 0.486 | Q6: 0.513 | R6: 0.54
A7: 2024 | B7: 1.1389418e+10 | C7: 1.1309266e+10 | D7: 4.6851198e+09 | E7: 0.4143 | F7: 0.414273 | G7: normal | H7: 1.0063152e+09 | I7: 4.9468251e+08 | K7: 0.13822142 | L7: 0.10236274 | M7: 0.16498011 | N7: -0.013476 | P7: 0.486 | Q7: 0.513 | R7: 0.54
A8: 2025 | B8: 1.239266e+10 | C8: 1.233667e+10 | D8: 4.7665555e+09 | E8: 0.3864 | F8: 0.386373 | G8: normal | H8: 1.0435182e+09 | I8: 4.9022183e+08 | K8: 0.090846219 | L8: 0.017381774 | M8: 0.036969546 | N8: -0.0279 | P8: 0.486 | Q8: 0.513 | R8: 0.54

Sheet Painel financeiro
A1: PAINEL ORÇAMENTÁRIO/FISCAL
A2: Município: Curitiba - PR
A4: Indicador | B4: 2019 | C4: 2020 | D4: 2021 | E4: 2022 | F4: 2023 | G4: 2024 | H4: 2025
A6: RREO - Receita Corrente Líquida Ajustada | B6: =IF('Histórico'!C2="","",'Histórico'!C2) -> 7.3598723e+09 | C6: =IF('Histórico'!C3="","",'Histórico'!C3) -> 7.8358972e+09 | D6: =IF('Histórico'!C4="","",'Histórico'!C4) -> 8.2827307e+09 | E6: =IF('Histórico'!C5="","",'Histórico'!C5) -> 9.3143799e+09 | F6: =IF('Histórico'!C6="","",'Histórico'!C6) -> 9.9359102e+09 | G6: =IF('Histórico'!C7="","",'Histórico'!C7) -> 1.1309266e+10 | H6: =IF('Histórico'!C8="","",'Histórico'!C8) -> 1.233667e+10
B7: =IF(OR(B6="",B6=0),"",0) -> 0 | C7: =IFERROR(IF(OR(C6="",$B$6=""),"",(C6/$B$6)-1),"") -> 0.064678422 | D7: =IFERROR(IF(OR(D6="",$B$6=""),"",(D6/$B$6)-1),"") -> 0.12539054 | E7: =IFERROR(IF(OR(E6="",$B$6=""),"",(E6/$B$6)-1),"") -> 0.26556271 | F7: =IFERROR(IF(OR(F6="",$B$6=""),"",(F6/$B$6)-1),"") -> 0.35001123 | G7: =IFERROR(IF(OR(G6="",$B$6=""),"",(G6/$B$6)-1),"") -> 0.5366117 | H7: =IFERROR(IF(OR(H6="",$B$6=""),"",(H6/$B$6)-1),"") -> 0.67620706 | I7: Média Anual | J7: =IFERROR(IF(ISNUMBER(H7),IF('Parâmetros do painel'!B2="geometrica",(1+H7)^(1/'Parâmetros do painel'!B4)-1,H7/IF('Parâmetros do painel'!B2="intervalos",'Parâmetros do painel'!B4,'Parâmetros do painel'!B3)),""),"") -> 0.096601009
B8: Evolução | C8: =IFERROR(IF(OR(C6="",B6=""),"",(C6/B6)-1),"") -> 0.064678422 | D8: =IFERROR(IF(OR(D6="",C6=""),"",(D6/C6)-1),"") -> 0.057023904 | E8: =IFERROR(IF(OR(E6="",D6=""),"",(E6/D6)-1),"") -> 0.12455424 | F8: =IFERROR(IF(OR(F6="",E6=""),"",(F6/E6)-1),"") -> 0.066728039 | G8: =IFERROR(IF(OR(G6="",F6=""),"",(G6/F6)-1),"") -> 0.13822142 | H8: =IFERROR(IF(OR(H6="",G6=""),"",(H6/G6)-1),"") -> 0.090846219
A9: RGF - Despesa Total com Pessoal | B9: =IF('Histórico'!D2="","",'Histórico'!D2) -> 2.7860747e+09 | C9: =IF('Histórico'!D3="","",'Histórico'!D3) -> 2.8845716e+09 | D9: =IF('Histórico'!D4="","",'Histórico'!D4) -> 3.1863807e+09 | E9: =IF('Histórico'!D5="","",'Histórico'!D5) -> 3.3349937e+09 | F9: =IF('Histórico'!D6="","",'Histórico'!D6) -> 4.2500709e+09 | G9: =IF('Histórico'!D7="","",'Histórico'!D7) -> 4.6851198e+09 | H9: =IF('Histórico'!D8="","",'Histórico'!D8) -> 4.7665555e+09
B10: =IF(OR(B9="",B9=0),"",0) -> 0 | C10: =IFERROR(IF(OR(C9="",$B$9=""),"",(C9/$B$9)-1),"") -> 0.035353287 | D10: =IFERROR(IF(OR(D9="",$B$9=""),"",(D9/$B$9)-1),"") -> 0.14368099 | E10: =IFERROR(IF(OR(E9="",$B$9=""),"",(E9/$B$9)-1),"") -> 0.19702235 | F10: =IFERROR(IF(OR(F9="",$B$9=""),"",(F9/$B$9)-1),"") -> 0.52546911 | G10: =IFERROR(IF(OR(G9="",$B$9=""),"",(G9/$B$9)-1),"") -> 0.68162031 | H10: =IFERROR(IF(OR(H9="",$B$9=""),"",(H9/$B$9)-1),"") -> 0.71084985 | I10: Média Anual | J10: =IFERROR(IF(ISNUMBER(H10),IF('Parâmetros do painel'!B2="geometrica",(1+H10)^(1/'Parâmetros do painel'!B4)-1,H10/IF('Parâmetros do painel'!B2="intervalos",'Parâmetros do painel'!B4,'Parâmetros do painel'!B3)),""),"") -> 0.10154998
B11: Evolução | C11: =IFERROR(IF(OR(C9="",B9=""),"",(C9/B9)-1),"") -> 0.035353287 | D11: =IFERROR(IF(OR(D9="",C9=""),"",(D9/C9)-1),"") -> 0.10462874 | E11: =IFERROR(IF(OR(E9="",D9=""),"",(E9/D9)-1),"") -> 0.046640068 | F11: =IFERROR(IF(OR(F9="",E9=""),"",(F9/E9)-1),"") -> 0.27438648 | G11: =IFERROR(IF(OR(G9="",F9=""),"",(G9/F9)-1),"") -> 0.10236274 | H11: =IFERROR(IF(OR(H9="",G9=""),"",(H9/G9)-1),"") -> 0.017381774
A12: RGF - Despesa Total com Pessoal % | B12: =IFERROR(IF(OR(B9="",B6=""),"",B9/B6),"") -> 0.37854933 | C12: =IFERROR(IF(OR(C9="",C6=""),"",C9/C6),"") -> 0.3681227 | D12: =IFERROR(IF(OR(D9="",D6=""),"",D9/D6),"") -> 0.38470171 | E12: =IFERROR(IF(OR(E9="",E6=""),"",E9/E6),"") -> 0.35804785 | F12: =IFERROR(IF(OR(F9="",F6=""),"",F9/F6),"") -> 0.42774852 | G12: =IFERROR(IF(OR(G9="",G6=""),"",G9/G6),"") -> 0.41427267 | H12: =IFERROR(IF(OR(H9="",H6=""),"",H9/H6),"") -> 0.38637295
A13: RREO - Transferências FUNDEB | B13: =IF('Histórico'!H2="","",'Histórico'!H2) -> 6.0016293e+08 | C13: =IF('Histórico'!H3="","",'Histórico'!H3) -> 5.7201147e+08 | D13: =IF('Histórico'!H4="","",'Histórico'!H4) -> 7.1379081e+08 | E13: =IF('Histórico'!H5="","",'Histórico'!H5) -> 8.6091834e+08 | F13: =IF('Histórico'!H6="","",'Histórico'!H6) -> 8.6380458e+08 | G13: =IF('Histórico'!H7="","",'Histórico'!H7) -> 1.0063152e+09 | H13: =IF('Histórico'!H8="","",'Histórico'!H8) -> 1.0435182e+09
B14: =IF(OR(B13="",B13=0),"",0) -> 0 | C14: =IFERROR(IF(OR(C13="",$B$13=""),"",(C13/$B$13)-1),"") -> -0.046906368 | D14: =IFERROR(IF(OR(D13="",$B$13=""),"",(D13/$B$13)-1),"") -> 0.18932839 | E14: =IFERROR(IF(OR(E13="",$B$13=""),"",(E13/$B$13)-1),"") -> 0.43447437 | F14: =IFERROR(IF(OR(F13="",$B$13=""),"",(F13/$B$13)-1),"") -> 0.43928345 | G14: =IFERROR(IF(OR(G13="",$B$13=""),"",(G13/$B$13)-1),"") -> 0.67673659 | H14: =IFERROR(IF(OR(H13="",$B$13=""),"",(H13/$B$13)-1),"") -> 0.73872478 | I14: Média Anual | J14: =IFERROR(IF(ISNUMBER(H14),IF('Parâmetros do painel'!B2="geometrica",(1+H14)^(1/'Parâmetros do painel'!B4)-1,H14/IF('Parâmetros do painel'!B2="intervalos",'Parâmetros do painel'!B4,'Parâmetros do painel'!B3)),""),"") -> 0.10553211
B15: Evolução | C15: =IFERROR(IF(OR(C13="",B13=""),"",(C13/B13)-1),"") -> -0.046906368 | D15: =IFERROR(IF(OR(D13="",C13=""),"",(D13/C13)-1),"") -> 0.24786101 | E15: =IFERROR(IF(OR(E13="",D13=""),"",(E13/D13)-1),"") -> 0.20612136 | F15: =IFERROR(IF(OR(F13="",E13=""),"",(F13/E13)-1),"") -> 0.0033525033 | G15: =IFERROR(IF(OR(G13="",F13=""),"",(G13/F13)-1),"") -> 0.16498011 | H15: =IFERROR(IF(OR(H13="",G13=""),"",(H13/G13)-1),"") -> 0.036969546
A16: Percentual de Aplicação em MDE sobre a Receita Líquida de Impostos (Referência constitucional: 25%; interpretação não automatizada) | B16: =IF('Histórico'!J2="","",'Histórico'!J2) | C16: =IF('Histórico'!J3="","",'Histórico'!J3) | D16: =IF('Histórico'!J4="","",'Histórico'!J4) | E16: =IF('Histórico'!J5="","",'Histórico'!J5) | F16: =IF('Histórico'!J6="","",'Histórico'!J6) | G16: =IF('Histórico'!J7="","",'Histórico'!J7) | H16: =IF('Histórico'!J8="","",'Histórico'!J8)
A17: Classificação fiscal | B17: =IF(B12="","",IF(B12<'Parâmetros do painel'!B9,"Normal",IF(B12<'Parâmetros do painel'!C9,"Alerta",IF(B12<'Parâmetros do painel'!D9,"Prudencial","Limite excedido")))) -> Normal | C17: =IF(C12="","",IF(C12<'Parâmetros do painel'!B10,"Normal",IF(C12<'Parâmetros do painel'!C10,"Alerta",IF(C12<'Parâmetros do painel'!D10,"Prudencial","Limite excedido")))) -> Normal | D17: =IF(D12="","",IF(D12<'Parâmetros do painel'!B11,"Normal",IF(D12<'Parâmetros do painel'!C11,"Alerta",IF(D12<'Parâmetros do painel'!D11,"Prudencial","Limite excedido")))) -> Normal | E17: =IF(E12="","",IF(E12<'Parâmetros do painel'!B12,"Normal",IF(E12<'Parâmetros do painel'!C12,"Alerta",IF(E12<'Parâmetros do painel'!D12,"Prudencial","Limite excedido")))) -> Normal | F17: =IF(F12="","",IF(F12<'Parâmetros do painel'!B13,"Normal",IF(F12<'Parâmetros do painel'!C13,"Alerta",IF(F12<'Parâmetros do painel'!D13,"Prudencial","Limite excedido")))) -> Normal | G17: =IF(G12="","",IF(G12<'Parâmetros do painel'!B14,"Normal",IF(G12<'Parâmetros do painel'!C14,"Alerta",IF(G12<'Parâmetros do painel'!D14,"Prudencial","Limite excedido")))) -> Normal | H17: =IF(H12="","",IF(H12<'Parâmetros do painel'!B15,"Normal",IF(H12<'Parâmetros do painel'!C15,"Alerta",IF(H12<'Parâmetros do painel'!D15,"Prudencial","Limite excedido")))) -> Normal
A18: LIMITE MÁXIMO — art. 20 da LRF — 54.00% (2025)
A19: LIMITE PRUDENCIAL — art. 22 da LRF — 51.30% (2025) | C19: Fonte: SIM-AM, TCE-PR
A20: LIMITE DE ALERTA — art. 59 da LRF — 48.60% (2025) | C20: Relatório emitido em: 2026-08-15T19:14:01-03:00
A42: RCL ajustada: o rótulo RREO reproduz o modelo; os valores vêm do RGF (relatório 20). Média anual provisória: acumulada dividida pelos exercícios; altere em Parâmetros do painel. MDE: sem classificação automática de conformidade. Primeiro semestre não coletado.
A46: Limite de alerta por exercício | B46: ='Parâmetros do painel'!B9 -> 0.486 | C46: ='Parâmetros do painel'!B10 -> 0.486 | D46: ='Parâmetros do painel'!B11 -> 0.486 | E46: ='Parâmetros do painel'!B12 -> 0.486 | F46: ='Parâmetros do painel'!B13 -> 0.486 | G46: ='Parâmetros do painel'!B14 -> 0.486 | H46: ='Parâmetros do painel'!B15 -> 0.486
A47: Limite prudencial por exercício | B47: ='Parâmetros do painel'!C9 -> 0.513 | C47: ='Parâmetros do painel'!C10 -> 0.513 | D47: ='Parâmetros do painel'!C11 -> 0.513 | E47: ='Parâmetros do painel'!C12 -> 0.513 | F47: ='Parâmetros do painel'!C13 -> 0.513 | G47: ='Parâmetros do painel'!C14 -> 0.513 | H47: ='Parâmetros do painel'!C15 -> 0.513
A48: Limite máximo por exercício | B48: ='Parâmetros do painel'!D9 -> 0.54 | C48: ='Parâmetros do painel'!D10 -> 0.54 | D48: ='Parâmetros do painel'!D11 -> 0.54 | E48: ='Parâmetros do painel'!D12 -> 0.54 | F48: ='Parâmetros do painel'!D13 -> 0.54 | G48: ='Parâmetros do painel'!D14 -> 0.54 | H48: ='Parâmetros do painel'!D15 -> 0.54

Sheet Parâmetros do painel
A1: Parâmetro | B1: Valor | C1: Premissa
A2: Média anual | B2: exercicios | C2: exercicios: acumulada/número de anos; intervalos: acumulada/distância entre anos; geometrica: taxa composta por intervalo.
A3: Exercícios analisados | B3: 7 | C3: Não inclui anos sem resultado.
A4: Intervalos | B4: 6 | C4: Distância temporal entre primeiro e último exercício válido.
A5: Fonte RCL ajustada | B5: RGF (relatório 20) | C5: O modelo rotula RREO; a fonte efetivamente coletada é RGF, conferida com relatório 10.
A6: Interpretação MDE | B6: não automatizada | C6: A referência constitucional de 25% exige indicador e denominador confirmados.
A7: Primeiro semestre | B7: não coletado | C7: Não há valores mensais no coletor atual; nenhuma estimativa foi preenchida.
A8: Ano | B8: Alerta | C8: Prudencial | D8: Máximo
A9: 2019 | B9: 0.486 | C9: 0.513 | D9: 0.54
A10: 2020 | B10: 0.486 | C10: 0.513 | D10: 0.54
A11: 2021 | B11: 0.486 | C11: 0.513 | D11: 0.54
A12: 2022 | B12: 0.486 | C12: 0.513 | D12: 0.54
A13: 2023 | B13: 0.486 | C13: 0.513 | D13: 0.54
A14: 2024 | B14: 0.486 | C14: 0.513 | D14: 0.54
A15: 2025 | B15: 0.486 | C15: 0.513 | D15: 0.54

Sheet Erros e pendências
A1: Ano | B1: Mensagem
A2: — | B2: Nenhum exercício falhou na coleta.
