Workbook

Sheet Comparação salarial
A1: ANÁLISE SALARIAL — CAFEZAL DO SUL / PR
A2: Professor/a · 2026 · 20 horas semanais · Anexo A da LC 064/2026
A3: Referência: PSPN 2026 (pspn). Fonte, competência e decisões: aba Fontes e premissas.
A4: Base da referência: | D4: ='Parâmetros'!B13 -> 2565.31
A5: ESTRUTURA DE PROMOÇÃO / PROGRESSÃO
A6: PROFESSOR/A — 20 HORAS
A7: Classes → | B7: Nível | C7: Regra vertical | D7: 1 | E7: 2 | F7: 3 | G7: 4 | H7: 5 | I7: 6 | J7: 7 | K7: 8 | L7: 9 | M7: 10 | N7: 11 | O7: 12
A8: Níveis ↓ | B8: A | C8: Base | D8: Entrada | E8: ='Parâmetros'!C26/100 -> 0.02 | F8: ='Parâmetros'!C27/100 -> 0.02 | G8: ='Parâmetros'!C28/100 -> 0.02 | H8: ='Parâmetros'!C29/100 -> 0.02 | I8: ='Parâmetros'!C30/100 -> 0.02 | J8: ='Parâmetros'!C31/100 -> 0.02 | K8: ='Parâmetros'!C32/100 -> 0.02 | L8: ='Parâmetros'!C33/100 -> 0.02 | M8: ='Parâmetros'!C34/100 -> 0.02 | N8: ='Parâmetros'!C35/100 -> 0.02 | O8: ='Parâmetros'!C36/100 -> 0.02
B9: B | C9: ="+"&TEXT('Parâmetros'!D20,"0.00")&IF('Parâmetros'!C20="valor_fixo"," R$ / ","% / ")&'Parâmetros'!E20 -> +12.00% / A | D9: Entrada | E9: ='Parâmetros'!C26/100 -> 0.02 | F9: ='Parâmetros'!C27/100 -> 0.02 | G9: ='Parâmetros'!C28/100 -> 0.02 | H9: ='Parâmetros'!C29/100 -> 0.02 | I9: ='Parâmetros'!C30/100 -> 0.02 | J9: ='Parâmetros'!C31/100 -> 0.02 | K9: ='Parâmetros'!C32/100 -> 0.02 | L9: ='Parâmetros'!C33/100 -> 0.02 | M9: ='Parâmetros'!C34/100 -> 0.02 | N9: ='Parâmetros'!C35/100 -> 0.02 | O9: ='Parâmetros'!C36/100 -> 0.02
B10: C | C10: ="+"&TEXT('Parâmetros'!D21,"0.00")&IF('Parâmetros'!C21="valor_fixo"," R$ / ","% / ")&'Parâmetros'!E21 -> +27.00% / A | D10: Entrada | E10: ='Parâmetros'!C26/100 -> 0.02 | F10: ='Parâmetros'!C27/100 -> 0.02 | G10: ='Parâmetros'!C28/100 -> 0.02 | H10: ='Parâmetros'!C29/100 -> 0.02 | I10: ='Parâmetros'!C30/100 -> 0.02 | J10: ='Parâmetros'!C31/100 -> 0.02 | K10: ='Parâmetros'!C32/100 -> 0.02 | L10: ='Parâmetros'!C33/100 -> 0.02 | M10: ='Parâmetros'!C34/100 -> 0.02 | N10: ='Parâmetros'!C35/100 -> 0.02 | O10: ='Parâmetros'!C36/100 -> 0.02
A13: • TABELA DE VENCIMENTOS 2026 •
A14: PROFESSOR/A — 20 HORAS
A15: Classes → | B15: Nível | C15: Regra vertical | D15: 1 | E15: 2 | F15: 3 | G15: 4 | H15: 5 | I15: 6 | J15: 7 | K15: 8 | L15: 9 | M15: 10 | N15: 11 | O15: 12
A16: Níveis ↓ | B16: A | C16: Base | D16: ='Dados originais'!D4 -> 2565.31 | E16: ='Dados originais'!E4 -> 2616.61 | F16: ='Dados originais'!F4 -> 2668.94 | G16: ='Dados originais'!G4 -> 2722.31 | H16: ='Dados originais'!H4 -> 2776.75 | I16: ='Dados originais'!I4 -> 2832.28 | J16: ='Dados originais'!J4 -> 2888.92 | K16: ='Dados originais'!K4 -> 2946.69 | ... O16: ='Dados originais'!O4 -> 3189.58
B17: B | C17: ="+"&TEXT('Parâmetros'!D20,"0.00")&IF('Parâmetros'!C20="valor_fixo"," R$ / ","% / ")&'Parâmetros'!E20 -> +12.00% / A | D17: ='Dados originais'!D5 -> 2873.14 | E17: ='Dados originais'!E5 -> 2930.6 | F17: ='Dados originais'!F5 -> 2989.21 | G17: ='Dados originais'!G5 -> 3048.99 | H17: ='Dados originais'!H5 -> 3109.96 | I17: ='Dados originais'!I5 -> 3172.15 | J17: ='Dados originais'!J5 -> 3235.59 | K17: ='Dados originais'!K5 -> 3300.3 | ... O17: ='Dados originais'!O5 -> 3572.33
B18: C | C18: ="+"&TEXT('Parâmetros'!D21,"0.00")&IF('Parâmetros'!C21="valor_fixo"," R$ / ","% / ")&'Parâmetros'!E21 -> +27.00% / A | D18: ='Dados originais'!D6 -> 3257.94 | E18: ='Dados originais'!E6 -> 3323.09 | F18: ='Dados originais'!F6 -> 3389.55 | G18: ='Dados originais'!G6 -> 3457.34 | H18: ='Dados originais'!H6 -> 3526.48 | I18: ='Dados originais'!I6 -> 3597 | J18: ='Dados originais'!J6 -> 3668.94 | K18: ='Dados originais'!K6 -> 3742.31 | ... O18: ='Dados originais'!O6 -> 4050.77
A21: • TABELA DE VENCIMENTOS — REFERÊNCIA PSPN 2026 •
A22: PROFESSOR/A — 20 HORAS
A23: Classes → | B23: Nível | C23: Regra vertical | D23: 1 | E23: 2 | F23: 3 | G23: 4 | H23: 5 | I23: 6 | J23: 7 | K23: 8 | L23: 9 | M23: 10 | N23: 11 | O23: 12
A24: Níveis ↓ | B24: A | C24: Base | D24: ='Parâmetros'!B13 -> 2565.31 | E24: =IF('Parâmetros'!$B$12="truncar",ROUNDDOWN(D24*(1+'Parâmetros'!C26/100),2),ROUND(D24*(1+'Parâmetros'!C26/100),2)) -> 2616.61 | F24: =IF('Parâmetros'!$B$12="truncar",ROUNDDOWN(E24*(1+'Parâmetros'!C27/100),2),ROUND(E24*(1+'Parâmetros'!C27/100),2)) -> 2668.94 | G24: =IF('Parâmetros'!$B$12="truncar",ROUNDDOWN(F24*(1+'Parâmetros'!C28/100),2),ROUND(F24*(1+'Parâmetros'!C28/100),2)) -> 2722.31 | H24: =IF('Parâmetros'!$B$12="truncar",ROUNDDOWN(G24*(1+'Parâmetros'!C29/100),2),ROUND(G24*(1+'Parâmetros'!C29/100),2)) -> 2776.75 | I24: =IF('Parâmetros'!$B$12="truncar",ROUNDDOWN(H24*(1+'Parâmetros'!C30/100),2),ROUND(H24*(1+'Parâmetros'!C30/100),2)) -> 2832.28 | J24: =IF('Parâmetros'!$B$12="truncar",ROUNDDOWN(I24*(1+'Parâmetros'!C31/100),2),ROUND(I24*(1+'Parâmetros'!C31/100),2)) -> 2888.92 | K24: =IF('Parâmetros'!$B$12="truncar",ROUNDDOWN(J24*(1+'Parâmetros'!C32/100),2),ROUND(J24*(1+'Parâmetros'!C32/100),2)) -> 2946.69 | L24: =IF('Parâmetros'!$B$12="truncar",ROUNDDOWN(K24*(1+'Parâmetros'!C33/100),2),ROUND(K24*(1+'Parâmetros'!C33/100),2)) -> 3005.62 | M24: =IF('Parâmetros'!$B$12="truncar",ROUNDDOWN(L24*(1+'Parâmetros'!C34/100),2),ROUND(L24*(1+'Parâmetros'!C34/100),2)) -> 3065.73 | N24: =IF('Parâmetros'!$B$12="truncar",ROUNDDOWN(M24*(1+'Parâmetros'!C35/100),2),ROUND(M24*(1+'Parâmetros'!C35/100),2)) -> 3127.04 | O24: =IF('Parâmetros'!$B$12="truncar",ROUNDDOWN(N24*(1+'Parâmetros'!C36/100),2),ROUND(N24*(1+'Parâmetros'!C36/100),2)) -> 3189.58
B25: B | C25: ="+"&TEXT('Parâmetros'!D20,"0.00")&IF('Parâmetros'!C20="valor_fixo"," R$ / ","% / ")&'Parâmetros'!E20 -> +12.00% / A | D25: =IF('Parâmetros'!$B$12="truncar",ROUNDDOWN(IF('Parâmetros'!C20="valor_fixo",SUMIF('Parâmetros'!$A$19:$A$19,'Parâmetros'!E20,$D$24:$D$24)+'Parâmetros'!D20,SUMIF('Parâmetros'!$A$19:$A$19,'Parâmetros'!E20,$D$24:$D$24)*(1+'Parâmetros'!D20/100)),2),ROUND(IF('Parâmetros'!C20="valor_fixo",SUMIF('Parâmetros'!$A$19:$A$19,'Parâmetros'!E20,$D$24:$D$24)+'Parâmetros'!D20,SUMIF('Parâmetros'!$A$19:$A$19,'Parâmetros'!E20,$D$24:$D$24)*(1+'Parâmetros'!D20/100)),2)) -> 2873.14 | E25: =IF('Parâmetros'!$B$12="truncar",ROUNDDOWN(D25*(1+'Parâmetros'!C26/100),2),ROUND(D25*(1+'Parâmetros'!C26/100),2)) -> 2930.6 | F25: =IF('Parâmetros'!$B$12="truncar",ROUNDDOWN(E25*(1+'Parâmetros'!C27/100),2),ROUND(E25*(1+'Parâmetros'!C27/100),2)) -> 2989.21 | G25: =IF('Parâmetros'!$B$12="truncar",ROUNDDOWN(F25*(1+'Parâmetros'!C28/100),2),ROUND(F25*(1+'Parâmetros'!C28/100),2)) -> 3048.99 | H25: =IF('Parâmetros'!$B$12="truncar",ROUNDDOWN(G25*(1+'Parâmetros'!C29/100),2),ROUND(G25*(1+'Parâmetros'!C29/100),2)) -> 3109.96 | I25: =IF('Parâmetros'!$B$12="truncar",ROUNDDOWN(H25*(1+'Parâmetros'!C30/100),2),ROUND(H25*(1+'Parâmetros'!C30/100),2)) -> 3172.15 | J25: =IF('Parâmetros'!$B$12="truncar",ROUNDDOWN(I25*(1+'Parâmetros'!C31/100),2),ROUND(I25*(1+'Parâmetros'!C31/100),2)) -> 3235.59 | K25: =IF('Parâmetros'!$B$12="truncar",ROUNDDOWN(J25*(1+'Parâmetros'!C32/100),2),ROUND(J25*(1+'Parâmetros'!C32/100),2)) -> 3300.3 | L25: =IF('Parâmetros'!$B$12="truncar",ROUNDDOWN(K25*(1+'Parâmetros'!C33/100),2),ROUND(K25*(1+'Parâmetros'!C33/100),2)) -> 3366.3 | M25: =IF('Parâmetros'!$B$12="truncar",ROUNDDOWN(L25*(1+'Parâmetros'!C34/100),2),ROUND(L25*(1+'Parâmetros'!C34/100),2)) -> 3433.62 | N25: =IF('Parâmetros'!$B$12="truncar",ROUNDDOWN(M25*(1+'Parâmetros'!C35/100),2),ROUND(M25*(1+'Parâmetros'!C35/100),2)) -> 3502.29 | O25: =IF('Parâmetros'!$B$12="truncar",ROUNDDOWN(N25*(1+'Parâmetros'!C36/100),2),ROUND(N25*(1+'Parâmetros'!C36/100),2)) -> 3572.33
B26: C | C26: ="+"&TEXT('Parâmetros'!D21,"0.00")&IF('Parâmetros'!C21="valor_fixo"," R$ / ","% / ")&'Parâmetros'!E21 -> +27.00% / A | D26: =IF('Parâmetros'!$B$12="truncar",ROUNDDOWN(IF('Parâmetros'!C21="valor_fixo",SUMIF('Parâmetros'!$A$19:$A$20,'Parâmetros'!E21,$D$24:$D$25)+'Parâmetros'!D21,SUMIF('Parâmetros'!$A$19:$A$20,'Parâmetros'!E21,$D$24:$D$25)*(1+'Parâmetros'!D21/100)),2),ROUND(IF('Parâmetros'!C21="valor_fixo",SUMIF('Parâmetros'!$A$19:$A$20,'Parâmetros'!E21,$D$24:$D$25)+'Parâmetros'!D21,SUMIF('Parâmetros'!$A$19:$A$20,'Parâmetros'!E21,$D$24:$D$25)*(1+'Parâmetros'!D21/100)),2)) -> 3257.94 | E26: =IF('Parâmetros'!$B$12="truncar",ROUNDDOWN(D26*(1+'Parâmetros'!C26/100),2),ROUND(D26*(1+'Parâmetros'!C26/100),2)) -> 3323.09 | F26: =IF('Parâmetros'!$B$12="truncar",ROUNDDOWN(E26*(1+'Parâmetros'!C27/100),2),ROUND(E26*(1+'Parâmetros'!C27/100),2)) -> 3389.55 | G26: =IF('Parâmetros'!$B$12="truncar",ROUNDDOWN(F26*(1+'Parâmetros'!C28/100),2),ROUND(F26*(1+'Parâmetros'!C28/100),2)) -> 3457.34 | H26: =IF('Parâmetros'!$B$12="truncar",ROUNDDOWN(G26*(1+'Parâmetros'!C29/100),2),ROUND(G26*(1+'Parâmetros'!C29/100),2)) -> 3526.48 | I26: =IF('Parâmetros'!$B$12="truncar",ROUNDDOWN(H26*(1+'Parâmetros'!C30/100),2),ROUND(H26*(1+'Parâmetros'!C30/100),2)) -> 3597 | J26: =IF('Parâmetros'!$B$12="truncar",ROUNDDOWN(I26*(1+'Parâmetros'!C31/100),2),ROUND(I26*(1+'Parâmetros'!C31/100),2)) -> 3668.94 | K26: =IF('Parâmetros'!$B$12="truncar",ROUNDDOWN(J26*(1+'Parâmetros'!C32/100),2),ROUND(J26*(1+'Parâmetros'!C32/100),2)) -> 3742.31 | L26: =IF('Parâmetros'!$B$12="truncar",ROUNDDOWN(K26*(1+'Parâmetros'!C33/100),2),ROUND(K26*(1+'Parâmetros'!C33/100),2)) -> 3817.15 | M26: =IF('Parâmetros'!$B$12="truncar",ROUNDDOWN(L26*(1+'Parâmetros'!C34/100),2),ROUND(L26*(1+'Parâmetros'!C34/100),2)) -> 3893.49 | N26: =IF('Parâmetros'!$B$12="truncar",ROUNDDOWN(M26*(1+'Parâmetros'!C35/100),2),ROUND(M26*(1+'Parâmetros'!C35/100),2)) -> 3971.35 | O26: =IF('Parâmetros'!$B$12="truncar",ROUNDDOWN(N26*(1+'Parâmetros'!C36/100),2),ROUND(N26*(1+'Parâmetros'!C36/100),2)) -> 4050.77
A29: ="Neste bloco: "&SUMPRODUCT(--(D16:O18<D24:O26))&" vencimentos abaixo da referência de carreira; "&COUNTIF(D16:O18,"<"&$D$4)&" abaixo da base inicial (em vermelho)." -> Neste bloco: 0 vencimentos abaixo da referência de carreira; 0 abaixo da base inicial (em vermelho).
A31: NÃO CONFORMIDADES EM RELAÇÃO À REFERÊNCIA
A32: PROFESSOR/A — 20 HORAS
A33: Classes → | B33: Nível | C33: Regra vertical | D33: 1 | E33: 2 | F33: 3 | G33: 4 | H33: 5 | I33: 6 | J33: 7 | K33: 8 | L33: 9 | M33: 10 | N33: 11 | O33: 12
A34: Níveis ↓ | B34: A | C34: Base | D34: ='Dados originais'!D4 -> 2565.31 | E34: ='Dados originais'!E4 -> 2616.61 | F34: ='Dados originais'!F4 -> 2668.94 | G34: ='Dados originais'!G4 -> 2722.31 | H34: ='Dados originais'!H4 -> 2776.75 | I34: ='Dados originais'!I4 -> 2832.28 | J34: ='Dados originais'!J4 -> 2888.92 | K34: ='Dados originais'!K4 -> 2946.69 | ... O34: ='Dados originais'!O4 -> 3189.58
B35: B | C35: ="+"&TEXT('Parâmetros'!D20,"0.00")&IF('Parâmetros'!C20="valor_fixo"," R$ / ","% / ")&'Parâmetros'!E20 -> +12.00% / A | D35: ='Dados originais'!D5 -> 2873.14 | E35: ='Dados originais'!E5 -> 2930.6 | F35: ='Dados originais'!F5 -> 2989.21 | G35: ='Dados originais'!G5 -> 3048.99 | H35: ='Dados originais'!H5 -> 3109.96 | I35: ='Dados originais'!I5 -> 3172.15 | J35: ='Dados originais'!J5 -> 3235.59 | K35: ='Dados originais'!K5 -> 3300.3 | ... O35: ='Dados originais'!O5 -> 3572.33
B36: C | C36: ="+"&TEXT('Parâmetros'!D21,"0.00")&IF('Parâmetros'!C21="valor_fixo"," R$ / ","% / ")&'Parâmetros'!E21 -> +27.00% / A | D36: ='Dados originais'!D6 -> 3257.94 | E36: ='Dados originais'!E6 -> 3323.09 | F36: ='Dados originais'!F6 -> 3389.55 | G36: ='Dados originais'!G6 -> 3457.34 | H36: ='Dados originais'!H6 -> 3526.48 | I36: ='Dados originais'!I6 -> 3597 | J36: ='Dados originais'!J6 -> 3668.94 | K36: ='Dados originais'!K6 -> 3742.31 | ... O36: ='Dados originais'!O6 -> 4050.77
A39: • DEFASAGEM SALARIAL MENSAL •
A40: PROFESSOR/A — 20 HORAS
A41: Classes → | B41: Nível | C41: Regra vertical | D41: 1 | E41: 2 | F41: 3 | G41: 4 | H41: 5 | I41: 6 | J41: 7 | K41: 8 | L41: 9 | M41: 10 | N41: 11 | O41: 12
A42: Níveis ↓ | B42: A | C42: Base | D42: =D16-D24 -> 0 | E42: =E16-E24 -> 0 | F42: =F16-F24 -> 0 | G42: =G16-G24 -> 0 | H42: =H16-H24 -> 0 | I42: =I16-I24 -> 0 | J42: =J16-J24 -> 0 | K42: =K16-K24 -> 0 | ... O42: =O16-O24 -> 0
B43: B | C43: ="+"&TEXT('Parâmetros'!D20,"0.00")&IF('Parâmetros'!C20="valor_fixo"," R$ / ","% / ")&'Parâmetros'!E20 -> +12.00% / A | D43: =D17-D25 -> 0 | E43: =E17-E25 -> 0 | F43: =F17-F25 -> 0 | G43: =G17-G25 -> 0 | H43: =H17-H25 -> 0 | I43: =I17-I25 -> 0 | J43: =J17-J25 -> 0 | K43: =K17-K25 -> 0 | ... O43: =O17-O25 -> 0
B44: C | C44: ="+"&TEXT('Parâmetros'!D21,"0.00")&IF('Parâmetros'!C21="valor_fixo"," R$ / ","% / ")&'Parâmetros'!E21 -> +27.00% / A | D44: =D18-D26 -> 0 | E44: =E18-E26 -> 0 | F44: =F18-F26 -> 0 | G44: =G18-G26 -> 0 | H44: =H18-H26 -> 0 | I44: =I18-I26 -> 0 | J44: =J18-J26 -> 0 | K44: =K18-K26 -> 0 | ... O44: =O18-O26 -> 0
A47: Defasagem = referência ÷ atual − 1. Diferença mensal = atual − referência; negativa indica valor abaixo da referência.
A49: DEFASAGEM SALARIAL EM RELAÇÃO À REFERÊNCIA | L49: =D24/D16-1 -> 0
A54: Níveis: A — Magistério; B — Licenciatura Plena; C — Especialização

Sheet Parâmetros
A1: PARÂMETROS DA COMPARAÇÃO
A3: Município | B3: Cafezal do Sul
A4: Profissão/cargo | B4: Professor/a
A5: Ano | B5: 2026
A6: Jornada do cargo (h/semana) | B6: 20
A7: Tipo da referência | B7: pspn
A8: Nome da referência | B8: PSPN 2026
A9: Valor da referência | B9: 5130.63
A10: Jornada da referência | B10: 40
A11: Proporcionalidade autorizada | B11: sim
A12: Tratamento dos centavos | B12: truncar
A13: Referência proporcional | B13: =IF(B12="truncar",ROUNDDOWN(IF(B11="sim",B9*B6/B10,B9),2),ROUND(IF(B11="sim",B9*B6/B10,B9),2)) -> 2565.31
A14: Ano da referência | B14: 2026
A15: Tolerância estrutural (R$) | B15: 0.01
A16: Coerência de ano/jornada | B16: =IF(AND(B5=B14,OR(B11="sim",B6=B10)),"OK","REVISAR ANO/JORNADA") -> OK
A18: Nível | B18: Descrição | C18: Regra vertical | D18: Valor (% ou R$) | E18: Sobre o nível
A19: A | B19: Magistério | C19: base | D19: 0
A20: B | B20: Licenciatura Plena | C20: percentual | D20: 12 | E20: A
A21: C | B21: Especialização | C21: percentual | D21: 27 | E21: A
A25: Classe de origem | B25: Classe de destino | C25: Progressão (%)
A26: 1 | B26: 2 | C26: 2
A27: 2 | B27: 3 | C27: 2
A28: 3 | B28: 4 | C28: 2
A29: 4 | B29: 5 | C29: 2
A30: 5 | B30: 6 | C30: 2
A31: 6 | B31: 7 | C31: 2
A32: 7 | B32: 8 | C32: 2
A33: 8 | B33: 9 | C33: 2
A34: 9 | B34: 10 | C34: 2
A35: 10 | B35: 11 | C35: 2
A36: 11 | B36: 12 | C36: 2
A39: Cenário/consultoria é uma referência analítica. PSPN é exclusivo do magistério. Alterar profissão, ano ou jornada exige revisar a referência e sua fonte.

Sheet Dados originais
A1: TABELA MUNICIPAL TRANSCRITA — VALORES DE ENTRADA
A3: Nível | B3: Descrição | C3: Regra vertical | D3: 1 | E3: 2 | F3: 3 | G3: 4 | H3: 5 | I3: 6 | J3: 7 | K3: 8 | L3: 9 | M3: 10 | N3: 11 | O3: 12
A4: A | B4: Magistério | C4: base | D4: 2565.31 | E4: 2616.61 | F4: 2668.94 | G4: 2722.31 | H4: 2776.75 | I4: 2832.28 | J4: 2888.92 | K4: 2946.69 | L4: 3005.62 | M4: 3065.73 | N4: 3127.04 | O4: 3189.58
A5: B | B5: Licenciatura Plena | C5: percentual | D5: 2873.14 | E5: 2930.6 | F5: 2989.21 | G5: 3048.99 | H5: 3109.96 | I5: 3172.15 | J5: 3235.59 | K5: 3300.3 | L5: 3366.3 | M5: 3433.62 | N5: 3502.29 | O5: 3572.33
A6: C | B6: Especialização | C6: percentual | D6: 3257.94 | E6: 3323.09 | F6: 3389.55 | G6: 3457.34 | H6: 3526.48 | I6: 3597 | J6: 3668.94 | K6: 3742.31 | L6: 3817.15 | M6: 3893.49 | N6: 3971.35 | O6: 4050.77

Sheet Fontes e premissas
A1: FONTES E DECISÕES ADOTADAS
A3: Organização | B3: Jornada (2).pdf, páginas impressas 9–11: estrutura, atual verde, referência roxa, não conformidades, diferenças e defasagem em vermelho.
A4: Tabela municipal | B4: ANEXO A - LC 064.2026 MAGIST.doc
A5: URL tabela | B5: Documento municipal enviado pelo professor: Anexo A da LC 064/2026
A6: Referência | B6: Lei Federal nº 15.437/2026
A7: URL referência | B7: https://www.planalto.gov.br/ccivil_03/_ato2023-2026/2026/lei/l15437.htm
A8: Centavos | B8: truncar em cada etapa. Padrão geral: arredondar. Cafezal: truncar para reproduzir o anexo.
A9: Vigência | B9: 2026; não pressupõe que a tabela histórica seja a mais recente.
A10: Regra da defasagem | B10: (referência / atual - 1) × 100; o destaque usa a classe inicial, conforme o exemplo.
A11: Valores atuais | B11: Transcritos do documento. Permanecem preservados; somente referências são calculadas.
A12: Uso da referência | B12: pspn: PSPN 2026
A13: Cores de alerta | B13: Vermelho na tabela atual: vencimento abaixo da base de referência. Diferenças da carreira: atual menos referência.
A14: Edição posterior | B14: Ajuste valores, modo e progressões em Parâmetros/Dados originais. Mudança de fonte, profissão, vigência ou quantidade de classes: regenere pelo sistema.
... A17: Observação ao gerar | B17: A referência aplica as regras de carreira informadas; divergências numéricas não constituem parecer jurídico.
