Workbook

Sheet Resumo salarial
A1: ANÁLISE SALARIAL DO MAGISTÉRIO MUNICIPAL
A3: Indicador | B3: Resultado | C3: Unidade / interpretação
A4: Município | B4: Cafezal do Sul | C4: PR
A5: Lei municipal | B5: Anexo A da LC 064/2026 | C5: ANEXO A - LC 064.2026 MAGIST.doc
A6: PSPN 40 horas | B6: ='Parâmetros'!B4 | C6: Fonte informada nos parâmetros
A7: Jornada semanal | B7: ='Parâmetros'!B5 | C7: horas
A8: Vencimento inicial atual | B8: ='Tabela atual'!D4 | C8: Classe 1 do nível base
A9: Vencimento inicial de referência | B9: ='Tabela referência'!D4 | C9: PSPN proporcional
A10: Diferença inicial | B10: =B8-B9 | C10: Atual menos referência
A11: Defasagem inicial | B11: =IF(B8=0,"",B9/B8-1) | C11: Referência / atual - 1
A12: Células abaixo da referência | B12: =COUNTIF('Diferenças'!D4:O6,"<0") | C12: de 36 células
A13: Modo de centavos | B13: ='Parâmetros'!B6 | C13: Aplicado em cada etapa
A15: Nível | B15: Atual - classe 1 | C15: Referência - classe 1
A16: A | B16: ='Tabela atual'!D4 | C16: ='Tabela referência'!D4
A17: B | B17: ='Tabela atual'!D5 | C17: ='Tabela referência'!D5
A18: C | B18: ='Tabela atual'!D6 | C18: ='Tabela referência'!D6

Sheet Parâmetros
A1: PARÂMETROS, FONTES E REGRAS
A3: Parâmetro | B3: Valor | C3: Unidade | D3: Fonte / observação | F3: Transição horizontal | G3: Percentual | H3: Origem
A4: PSPN nacional | B4: 5130.63 | C4: R$ / 40h | D4: Lei Federal nº 15.437/2026 | F4: Classe 1 → 2 | G4: 0.02 | H4: declarada
A5: Jornada municipal | B5: 20 | C5: horas | D5: Confirmar na lei completa | F5: Classe 2 → 3 | G5: 0.02 | H5: declarada
A6: Modo de centavos | B6: truncar | C6: regra | D6: Truncar ou arredondar em cada etapa | F6: Classe 3 → 4 | G6: 0.02 | H6: declarada
A7: Progressão entre classes | B7: 0.02 | C7: por transição | D7: Anexo A da LC 064/2026 | F7: Classe 4 → 5 | G7: 0.02 | H7: declarada
A8: Piso proporcional exato | B8: =B4*B5/40 | C8: R$ | D8: Antes do tratamento de centavos | F8: Classe 5 → 6 | G8: 0.02 | H8: declarada
F9: Classe 6 → 7 | G9: 0.02 | H9: declarada
A10: Código | B10: Descrição | C10: Tipo de regra | D10: Valor | E10: Nível de referência | F10: Classe 7 → 8 | G10: 0.02 | H10: declarada
A11: A | B11: Magistério | C11: base | F11: Classe 8 → 9 | G11: 0.02 | H11: declarada
A12: B | B12: Licenciatura Plena | C12: percentual | D12: 0.12 | E12: A | F12: Classe 9 → 10 | G12: 0.02 | H12: declarada
A13: C | B13: Especialização | C13: percentual | D13: 0.27 | E13: A | F13: Classe 10 → 11 | G13: 0.02 | H13: declarada
F14: Classe 11 → 12 | G14: 0.02 | H14: declarada

Sheet Tabela atual
A1: TABELA DE VENCIMENTOS ATUAL
A3: Código | B3: Nível | C3: Regra vertical | D3: Classe 1 | E3: Classe 2 | F3: Classe 3 | G3: Classe 4 | H3: Classe 5 | I3: Classe 6 | J3: Classe 7 | K3: Classe 8 | L3: Classe 9 | M3: Classe 10 | N3: Classe 11 | O3: Classe 12
A4: A | B4: Magistério | C4: Base da carreira | D4: 2565.31 | E4: 2616.61 | F4: 2668.94 | G4: 2722.31 | H4: 2776.75 | I4: 2832.28 | J4: 2888.92 | K4: 2946.69 | L4: 3005.62 | M4: 3065.73 | N4: 3127.04 | O4: 3189.58
A5: B | B5: Licenciatura Plena | C5: + 12% sobre A | D5: 2873.14 | E5: 2930.6 | F5: 2989.21 | G5: 3048.99 | H5: 3109.96 | I5: 3172.15 | J5: 3235.59 | K5: 3300.3 | L5: 3366.3 | M5: 3433.62 | N5: 3502.29 | O5: 3572.33
A6: C | B6: Especialização | C6: + 27% sobre A | D6: 3257.94 | E6: 3323.09 | F6: 3389.55 | G6: 3457.34 | H6: 3526.48 | I6: 3597 | J6: 3668.94 | K6: 3742.31 | L6: 3817.15 | M6: 3893.49 | N6: 3971.35 | O6: 4050.77

Sheet Tabela referência
A1: TABELA DE REFERÊNCIA CALCULADA A PARTIR DO PSPN
A3: Código | B3: Nível | C3: Regra vertical | D3: Classe 1 | E3: Classe 2 | F3: Classe 3 | G3: Classe 4 | H3: Classe 5 | I3: Classe 6 | J3: Classe 7 | K3: Classe 8 | L3: Classe 9 | M3: Classe 10 | N3: Classe 11 | O3: Classe 12
A4: A | B4: Magistério | C4: Base da carreira | D4: =IF('Parâmetros'!$B$6="truncar",ROUNDDOWN('Parâmetros'!$B$4*'Parâmetros'!$B$5/40,2),ROUND('Parâmetros'!$B$4*'Parâmetros'!$B$5/40,2)) | E4: =IF('Parâmetros'!$B$6="truncar",ROUNDDOWN(D4*(1+'Parâmetros'!$G$4),2),ROUND(D4*(1+'Parâmetros'!$G$4),2)) | F4: =IF('Parâmetros'!$B$6="truncar",ROUNDDOWN(E4*(1+'Parâmetros'!$G$5),2),ROUND(E4*(1+'Parâmetros'!$G$5),2)) | G4: =IF('Parâmetros'!$B$6="truncar",ROUNDDOWN(F4*(1+'Parâmetros'!$G$6),2),ROUND(F4*(1+'Parâmetros'!$G$6),2)) | H4: =IF('Parâmetros'!$B$6="truncar",ROUNDDOWN(G4*(1+'Parâmetros'!$G$7),2),ROUND(G4*(1+'Parâmetros'!$G$7),2)) | I4: =IF('Parâmetros'!$B$6="truncar",ROUNDDOWN(H4*(1+'Parâmetros'!$G$8),2),ROUND(H4*(1+'Parâmetros'!$G$8),2)) | J4: =IF('Parâmetros'!$B$6="truncar",ROUNDDOWN(I4*(1+'Parâmetros'!$G$9),2),ROUND(I4*(1+'Parâmetros'!$G$9),2)) | K4: =IF('Parâmetros'!$B$6="truncar",ROUNDDOWN(J4*(1+'Parâmetros'!$G$10),2),ROUND(J4*(1+'Parâmetros'!$G$10),2)) | L4: =IF('Parâmetros'!$B$6="truncar",ROUNDDOWN(K4*(1+'Parâmetros'!$G$11),2),ROUND(K4*(1+'Parâmetros'!$G$11),2)) | M4: =IF('Parâmetros'!$B$6="truncar",ROUNDDOWN(L4*(1+'Parâmetros'!$G$12),2),ROUND(L4*(1+'Parâmetros'!$G$12),2)) | N4: =IF('Parâmetros'!$B$6="truncar",ROUNDDOWN(M4*(1+'Parâmetros'!$G$13),2),ROUND(M4*(1+'Parâmetros'!$G$13),2)) | O4: =IF('Parâmetros'!$B$6="truncar",ROUNDDOWN(N4*(1+'Parâmetros'!$G$14),2),ROUND(N4*(1+'Parâmetros'!$G$14),2))
A5: B | B5: Licenciatura Plena | C5: + 12% sobre A | D5: =IF('Parâmetros'!$B$6="truncar",ROUNDDOWN(D4*(1+'Parâmetros'!$D$12),2),ROUND(D4*(1+'Parâmetros'!$D$12),2)) | E5: =IF('Parâmetros'!$B$6="truncar",ROUNDDOWN(D5*(1+'Parâmetros'!$G$4),2),ROUND(D5*(1+'Parâmetros'!$G$4),2)) | F5: =IF('Parâmetros'!$B$6="truncar",ROUNDDOWN(E5*(1+'Parâmetros'!$G$5),2),ROUND(E5*(1+'Parâmetros'!$G$5),2)) | G5: =IF('Parâmetros'!$B$6="truncar",ROUNDDOWN(F5*(1+'Parâmetros'!$G$6),2),ROUND(F5*(1+'Parâmetros'!$G$6),2)) | H5: =IF('Parâmetros'!$B$6="truncar",ROUNDDOWN(G5*(1+'Parâmetros'!$G$7),2),ROUND(G5*(1+'Parâmetros'!$G$7),2)) | I5: =IF('Parâmetros'!$B$6="truncar",ROUNDDOWN(H5*(1+'Parâmetros'!$G$8),2),ROUND(H5*(1+'Parâmetros'!$G$8),2)) | J5: =IF('Parâmetros'!$B$6="truncar",ROUNDDOWN(I5*(1+'Parâmetros'!$G$9),2),ROUND(I5*(1+'Parâmetros'!$G$9),2)) | K5: =IF('Parâmetros'!$B$6="truncar",ROUNDDOWN(J5*(1+'Parâmetros'!$G$10),2),ROUND(J5*(1+'Parâmetros'!$G$10),2)) | L5: =IF('Parâmetros'!$B$6="truncar",ROUNDDOWN(K5*(1+'Parâmetros'!$G$11),2),ROUND(K5*(1+'Parâmetros'!$G$11),2)) | M5: =IF('Parâmetros'!$B$6="truncar",ROUNDDOWN(L5*(1+'Parâmetros'!$G$12),2),ROUND(L5*(1+'Parâmetros'!$G$12),2)) | N5: =IF('Parâmetros'!$B$6="truncar",ROUNDDOWN(M5*(1+'Parâmetros'!$G$13),2),ROUND(M5*(1+'Parâmetros'!$G$13),2)) | O5: =IF('Parâmetros'!$B$6="truncar",ROUNDDOWN(N5*(1+'Parâmetros'!$G$14),2),ROUND(N5*(1+'Parâmetros'!$G$14),2))
A6: C | B6: Especialização | C6: + 27% sobre A | D6: =IF('Parâmetros'!$B$6="truncar",ROUNDDOWN(D4*(1+'Parâmetros'!$D$13),2),ROUND(D4*(1+'Parâmetros'!$D$13),2)) | E6: =IF('Parâmetros'!$B$6="truncar",ROUNDDOWN(D6*(1+'Parâmetros'!$G$4),2),ROUND(D6*(1+'Parâmetros'!$G$4),2)) | F6: =IF('Parâmetros'!$B$6="truncar",ROUNDDOWN(E6*(1+'Parâmetros'!$G$5),2),ROUND(E6*(1+'Parâmetros'!$G$5),2)) | G6: =IF('Parâmetros'!$B$6="truncar",ROUNDDOWN(F6*(1+'Parâmetros'!$G$6),2),ROUND(F6*(1+'Parâmetros'!$G$6),2)) | H6: =IF('Parâmetros'!$B$6="truncar",ROUNDDOWN(G6*(1+'Parâmetros'!$G$7),2),ROUND(G6*(1+'Parâmetros'!$G$7),2)) | I6: =IF('Parâmetros'!$B$6="truncar",ROUNDDOWN(H6*(1+'Parâmetros'!$G$8),2),ROUND(H6*(1+'Parâmetros'!$G$8),2)) | J6: =IF('Parâmetros'!$B$6="truncar",ROUNDDOWN(I6*(1+'Parâmetros'!$G$9),2),ROUND(I6*(1+'Parâmetros'!$G$9),2)) | K6: =IF('Parâmetros'!$B$6="truncar",ROUNDDOWN(J6*(1+'Parâmetros'!$G$10),2),ROUND(J6*(1+'Parâmetros'!$G$10),2)) | L6: =IF('Parâmetros'!$B$6="truncar",ROUNDDOWN(K6*(1+'Parâmetros'!$G$11),2),ROUND(K6*(1+'Parâmetros'!$G$11),2)) | M6: =IF('Parâmetros'!$B$6="truncar",ROUNDDOWN(L6*(1+'Parâmetros'!$G$12),2),ROUND(L6*(1+'Parâmetros'!$G$12),2)) | N6: =IF('Parâmetros'!$B$6="truncar",ROUNDDOWN(M6*(1+'Parâmetros'!$G$13),2),ROUND(M6*(1+'Parâmetros'!$G$13),2)) | O6: =IF('Parâmetros'!$B$6="truncar",ROUNDDOWN(N6*(1+'Parâmetros'!$G$14),2),ROUND(N6*(1+'Parâmetros'!$G$14),2))

Sheet Diferenças
A1: DIFERENÇA: TABELA ATUAL MENOS REFERÊNCIA
A3: Código | B3: Nível | C3: Regra vertical | D3: Classe 1 | E3: Classe 2 | F3: Classe 3 | G3: Classe 4 | H3: Classe 5 | I3: Classe 6 | J3: Classe 7 | K3: Classe 8 | L3: Classe 9 | M3: Classe 10 | N3: Classe 11 | O3: Classe 12
A4: A | B4: Magistério | C4: Base da carreira | D4: ='Tabela atual'!D4-'Tabela referência'!D4 | E4: ='Tabela atual'!E4-'Tabela referência'!E4 | F4: ='Tabela atual'!F4-'Tabela referência'!F4 | G4: ='Tabela atual'!G4-'Tabela referência'!G4 | H4: ='Tabela atual'!H4-'Tabela referência'!H4 | I4: ='Tabela atual'!I4-'Tabela referência'!I4 | J4: ='Tabela atual'!J4-'Tabela referência'!J4 | K4: ='Tabela atual'!K4-'Tabela referência'!K4 | ... O4: ='Tabela atual'!O4-'Tabela referência'!O4
A5: B | B5: Licenciatura Plena | C5: + 12% sobre A | D5: ='Tabela atual'!D5-'Tabela referência'!D5 | E5: ='Tabela atual'!E5-'Tabela referência'!E5 | F5: ='Tabela atual'!F5-'Tabela referência'!F5 | G5: ='Tabela atual'!G5-'Tabela referência'!G5 | H5: ='Tabela atual'!H5-'Tabela referência'!H5 | I5: ='Tabela atual'!I5-'Tabela referência'!I5 | J5: ='Tabela atual'!J5-'Tabela referência'!J5 | K5: ='Tabela atual'!K5-'Tabela referência'!K5 | ... O5: ='Tabela atual'!O5-'Tabela referência'!O5
A6: C | B6: Especialização | C6: + 27% sobre A | D6: ='Tabela atual'!D6-'Tabela referência'!D6 | E6: ='Tabela atual'!E6-'Tabela referência'!E6 | F6: ='Tabela atual'!F6-'Tabela referência'!F6 | G6: ='Tabela atual'!G6-'Tabela referência'!G6 | H6: ='Tabela atual'!H6-'Tabela referência'!H6 | I6: ='Tabela atual'!I6-'Tabela referência'!I6 | J6: ='Tabela atual'!J6-'Tabela referência'!J6 | K6: ='Tabela atual'!K6-'Tabela referência'!K6 | ... O6: ='Tabela atual'!O6-'Tabela referência'!O6

Sheet Avisos
A1: Aviso / premissa
A2: O truncamento foi aplicado em cada etapa para reproduzir o anexo municipal; confirme essa regra com o responsável antes de emitir parecer.
A3: A carga horária não está declarada no anexo analisado; a jornada informada deve ser confirmada na lei completa.
A4: A comparação é técnica e não substitui a validação jurídica da lei municipal e do PSPN.
