Workbook

Sheet Resumo histórico
A1: HISTÓRICO FINANCEIRO DO MAGISTÉRIO MUNICIPAL
A2: Município | B2: Curitiba | C2: Entidade | D2: Município de Curitiba
A3: Período | B3: 2019–2025 | C3: Coletado em | D3: 2026-08-15T19:14:01-03:00
A5: Indicador | B5: Resultado
A6: Exercícios analisados | B6: 7
A7: Exercícios com erro | B7: 0
A8: Evolução acumulada da RCL ajustada | B8: 0.67620706
A9: Evolução acumulada da despesa | B9: 0.71084985
A10: Evolução acumulada das receitas do FUNDEB | B10: 0.73872478
A11: Média de comprometimento | B11: 0.38826
A12: Maior comprometimento | B12: 0.427749
A13: Ano do maior comprometimento | B13: 2023

Sheet Histórico
A1: Ano | B1: RCL | C1: RCL ajustada | D1: Despesa com pessoal | E1: % oficial | F1: % recalculado | G1: Classificação | H1: Receitas FUNDEB | I1: Resultado líquido FUNDEB | J1: Aplicação MDE | K1: Δ RCL ajustada | L1: Δ despesa | M1: Δ FUNDEB | N1: Δ comprometimento (p.p.) | O1: Avisos | P1: Limite de alerta | Q1: Limite prudencial | R1: Limite máximo
A2: 2019 | B2: 7.3614307e+09 | C2: 7.3598723e+09 | D2: 2.7860747e+09 | E2: 0.3785 | F2: 0.378549 | G2: normal | H2: 6.0016293e+08 | I2: 2.7521294e+08 | P2: 0.486 | Q2: 0.513 | R2: 0.54
A3: 2020 | B3: 7.8668534e+09 | C3: 7.8358972e+09 | D3: 2.8845716e+09 | E3: 0.3681 | F3: 0.368123 | G3: normal | H3: 5.7201147e+08 | I3: 2.5445421e+08 | K3: 0.064678422 | L3: 0.035353287 | M3: -0.046906368 | N3: -0.010426 | P3: 0.486 | Q3: 0.513 | R3: 0.54
A4: 2021 | B4: 8.2894948e+09 | C4: 8.2827307e+09 | D4: 3.1863807e+09 | E4: 0.3847 | F4: 0.384702 | G4: normal | H4: 7.1379081e+08 | I4: 3.3990572e+08 | K4: 0.057023904 | L4: 0.10462874 | M4: 0.24786101 | N4: 0.016579 | P4: 0.486 | Q4: 0.513 | R4: 0.54
A5: 2022 | B5: 9.3355222e+09 | C5: 9.3143799e+09 | D5: 3.3349937e+09 | E5: 0.358 | F5: 0.358048 | G5: normal | H5: 8.6091834e+08 | I5: 4.2445139e+08 | K5: 0.12455424 | L5: 0.046640068 | M5: 0.20612136 | N5: -0.026654 | P5: 0.486 | Q5: 0.513 | R5: 0.54
A6: 2023 | B6: 9.9675931e+09 | C6: 9.9359102e+09 | D6: 4.2500709e+09 | E6: 0.4277 | F6: 0.427749 | G6: normal | H6: 8.6380458e+08 | I6: 4.0888948e+08 | K6: 0.066728039 | L6: 0.27438648 | M6: 0.0033525033 | N6: 0.069701 | P6: 0.486 | Q6: 0.513 | R6: 0.54
A7: 2024 | B7: 1.1389418e+10 | C7: 1.1309266e+10 | D7: 4.6851198e+09 | E7: 0.4143 | F7: 0.414273 | G7: normal | H7: 1.0063152e+09 | I7: 4.9468251e+08 | K7: 0.13822142 | L7: 0.10236274 | M7: 0.16498011 | N7: -0.013476 | P7: 0.486 | Q7: 0.513 | R7: 0.54
A8: 2025 | B8: 1.239266e+10 | C8: 1.233667e+10 | D8: 4.7665555e+09 | E8: 0.3864 | F8: 0.386373 | G8: normal | H8: 1.0435182e+09 | I8: 4.9022183e+08 | K8: 0.090846219 | L8: 0.017381774 | M8: 0.036969546 | N8: -0.0279 | P8: 0.486 | Q8: 0.513 | R8: 0.54

Sheet Painel financeiro
A1: PAINEL DE ANÁLISE FINANCEIRA DO MAGISTÉRIO
A2: Fórmulas vinculadas à aba Histórico - sem referências externas
A3: Indicador | B3: 2019 | C3: 2020 | D3: 2021 | E3: 2022 | F3: 2023 | G3: 2024 | H3: 2025
A4: RCL ajustada | B4: ='Histórico'!C2 | C4: ='Histórico'!C3 | D4: ='Histórico'!C4 | E4: ='Histórico'!C5 | F4: ='Histórico'!C6 | G4: ='Histórico'!C7 | H4: ='Histórico'!C8
A5: Evolução anual da RCL ajustada | C5: =IFERROR(C4/B4-1,"") | D5: =IFERROR(D4/C4-1,"") | E5: =IFERROR(E4/D4-1,"") | F5: =IFERROR(F4/E4-1,"") | G5: =IFERROR(G4/F4-1,"") | H5: =IFERROR(H4/G4-1,"")
A6: Despesa Total com Pessoal | B6: ='Histórico'!D2 | C6: ='Histórico'!D3 | D6: ='Histórico'!D4 | E6: ='Histórico'!D5 | F6: ='Histórico'!D6 | G6: ='Histórico'!D7 | H6: ='Histórico'!D8
A7: Evolução anual da despesa | C7: =IFERROR(C6/B6-1,"") | D7: =IFERROR(D6/C6-1,"") | E7: =IFERROR(E6/D6-1,"") | F7: =IFERROR(F6/E6-1,"") | G7: =IFERROR(G6/F6-1,"") | H7: =IFERROR(H6/G6-1,"")
A8: DTP / RCL ajustada | B8: =IFERROR(B6/B4,"") | C8: =IFERROR(C6/C4,"") | D8: =IFERROR(D6/D4,"") | E8: =IFERROR(E6/E4,"") | F8: =IFERROR(F6/F4,"") | G8: =IFERROR(G6/G4,"") | H8: =IFERROR(H6/H4,"")
A9: Classificação fiscal | B9: =IF(B8="","",IF(B8<B14,"Normal",IF(B8<B15,"Alerta",IF(B8<B16,"Prudencial","Limite excedido")))) | C9: =IF(C8="","",IF(C8<C14,"Normal",IF(C8<C15,"Alerta",IF(C8<C16,"Prudencial","Limite excedido")))) | D9: =IF(D8="","",IF(D8<D14,"Normal",IF(D8<D15,"Alerta",IF(D8<D16,"Prudencial","Limite excedido")))) | E9: =IF(E8="","",IF(E8<E14,"Normal",IF(E8<E15,"Alerta",IF(E8<E16,"Prudencial","Limite excedido")))) | F9: =IF(F8="","",IF(F8<F14,"Normal",IF(F8<F15,"Alerta",IF(F8<F16,"Prudencial","Limite excedido")))) | G9: =IF(G8="","",IF(G8<G14,"Normal",IF(G8<G15,"Alerta",IF(G8<G16,"Prudencial","Limite excedido")))) | H9: =IF(H8="","",IF(H8<H14,"Normal",IF(H8<H15,"Alerta",IF(H8<H16,"Prudencial","Limite excedido"))))
A10: Receitas recebidas do FUNDEB | B10: ='Histórico'!H2 | C10: ='Histórico'!H3 | D10: ='Histórico'!H4 | E10: ='Histórico'!H5 | F10: ='Histórico'!H6 | G10: ='Histórico'!H7 | H10: ='Histórico'!H8
A11: Evolução anual do FUNDEB | C11: =IFERROR(C10/B10-1,"") | D11: =IFERROR(D10/C10-1,"") | E11: =IFERROR(E10/D10-1,"") | F11: =IFERROR(F10/E10-1,"") | G11: =IFERROR(G10/F10-1,"") | H11: =IFERROR(H10/G10-1,"")
A12: Aplicação constitucional em MDE | B12: =IF('Histórico'!J2="","",'Histórico'!J2) | C12: =IF('Histórico'!J3="","",'Histórico'!J3) | D12: =IF('Histórico'!J4="","",'Histórico'!J4) | E12: =IF('Histórico'!J5="","",'Histórico'!J5) | F12: =IF('Histórico'!J6="","",'Histórico'!J6) | G12: =IF('Histórico'!J7="","",'Histórico'!J7) | H12: =IF('Histórico'!J8="","",'Histórico'!J8)
A14: Limite de alerta | B14: ='Histórico'!P2 | C14: ='Histórico'!P3 | D14: ='Histórico'!P4 | E14: ='Histórico'!P5 | F14: ='Histórico'!P6 | G14: ='Histórico'!P7 | H14: ='Histórico'!P8
A15: Limite prudencial | B15: ='Histórico'!Q2 | C15: ='Histórico'!Q3 | D15: ='Histórico'!Q4 | E15: ='Histórico'!Q5 | F15: ='Histórico'!Q6 | G15: ='Histórico'!Q7 | H15: ='Histórico'!Q8
A16: Limite máximo | B16: ='Histórico'!R2 | C16: ='Histórico'!R3 | D16: ='Histórico'!R4 | E16: ='Histórico'!R5 | F16: ='Histórico'!R6 | G16: ='Histórico'!R7 | H16: ='Histórico'!R8

Sheet Erros e pendências
A1: Ano | B1: Mensagem
A2: — | B2: Nenhum exercício falhou na coleta.
